locus_tag	ftype	length_bp	gene	EC_number	COG	product
IOEBKPOH_00001	CDS	1383	dnaA_1			Chromosomal replication initiator protein DnaA
IOEBKPOH_00002	CDS	1275				hypothetical protein
IOEBKPOH_00003	tRNA	88				tRNA-Leu(gag)
IOEBKPOH_00004	CDS	1083	ribBA	3.5.4.25		Riboflavin biosynthesis protein RibBA
IOEBKPOH_00005	CDS	681	virB8		COG3736	Type IV secretion system protein virB8
IOEBKPOH_00006	CDS	801	virB9_1		COG3504	Type IV secretion system protein virB9
IOEBKPOH_00007	CDS	1161				hypothetical protein
IOEBKPOH_00008	CDS	126				hypothetical protein
IOEBKPOH_00009	CDS	993			COG0630	Type IV secretion system protein VirB11
IOEBKPOH_00010	CDS	1947	virD4			Protein VirD4
IOEBKPOH_00011	CDS	849				hypothetical protein
IOEBKPOH_00012	CDS	840	prmC	2.1.1.297	COG2890	Release factor glutamine methyltransferase
IOEBKPOH_00013	CDS	459	rpsL			30S ribosomal protein S12
IOEBKPOH_00014	CDS	480	rpsG		COG0049	30S ribosomal protein S7
IOEBKPOH_00015	CDS	1032	fusA_1		COG0480	Elongation factor G
IOEBKPOH_00016	CDS	1017	fusA_2		COG0480	Elongation factor G
IOEBKPOH_00017	CDS	1173	tufA_1		COG0050	Elongation factor Tu
IOEBKPOH_00018	tRNA	74				tRNA-Trp(cca)
IOEBKPOH_00019	CDS	399	nusG_1			Transcription termination/antitermination protein NusG
IOEBKPOH_00020	CDS	408	nusG_2		COG0250	Transcription termination/antitermination protein NusG
IOEBKPOH_00021	CDS	441	rplK		COG0080	50S ribosomal protein L11
IOEBKPOH_00022	CDS	654	rplA		COG0081	50S ribosomal protein L1
IOEBKPOH_00023	CDS	519	rplJ		COG0244	50S ribosomal protein L10
IOEBKPOH_00024	CDS	402	rplL			50S ribosomal protein L7/L12
IOEBKPOH_00025	CDS	8514	rpoBC	2.7.7.6	COG0085	Bifunctional DNA-directed RNA polymerase subunit beta-beta'
IOEBKPOH_00026	CDS	951	dusB	1.3.1.-	COG0042	tRNA-dihydrouridine synthase B
IOEBKPOH_00027	CDS	114				hypothetical protein
IOEBKPOH_00028	CDS	399				hypothetical protein
IOEBKPOH_00029	CDS	477				hypothetical protein
IOEBKPOH_00030	CDS	210				hypothetical protein
IOEBKPOH_00031	CDS	1305	serS	6.1.1.11	COG0172	Serine--tRNA ligase
IOEBKPOH_00032	CDS	1272	purD	6.3.4.13	COG0151	Phosphoribosylamine--glycine ligase
IOEBKPOH_00033	CDS	246				hypothetical protein
IOEBKPOH_00034	CDS	273				hypothetical protein
IOEBKPOH_00035	CDS	1263				hypothetical protein
IOEBKPOH_00036	CDS	618				hypothetical protein
IOEBKPOH_00037	CDS	867				hypothetical protein
IOEBKPOH_00038	CDS	927	prs	2.7.6.1	COG0462	Ribose-phosphate pyrophosphokinase
IOEBKPOH_00039	CDS	354	GATC	6.3.5.-		Glutamyl-tRNA(Gln) amidotransferase subunit C, chloroplastic/mitochondrial
IOEBKPOH_00040	CDS	1263	tolB		COG0823	Tol-Pal system protein TolB
IOEBKPOH_00041	CDS	1668	rnj1	3.1.-.-		Ribonuclease J 1
IOEBKPOH_00042	CDS	1119	dnaJ		COG0484	Chaperone protein DnaJ
IOEBKPOH_00043	tRNA	78				tRNA-Arg(acg)
IOEBKPOH_00044	CDS	636				hypothetical protein
IOEBKPOH_00045	CDS	141				hypothetical protein
IOEBKPOH_00046	CDS	114				hypothetical protein
IOEBKPOH_00047	CDS	411				hypothetical protein
IOEBKPOH_00048	CDS	687				hypothetical protein
IOEBKPOH_00049	CDS	342			COG3039	IS5 family transposase ISWpi1
IOEBKPOH_00050	CDS	381			COG3039	IS5 family transposase ISWpi1
IOEBKPOH_00051	CDS	402				hypothetical protein
IOEBKPOH_00052	CDS	801				hypothetical protein
IOEBKPOH_00053	CDS	408				hypothetical protein
IOEBKPOH_00054	CDS	276			COG3385	IS4 family transposase ISWosp2
IOEBKPOH_00055	CDS	441			COG3385	IS4 family transposase ISWosp2
IOEBKPOH_00056	CDS	168				hypothetical protein
IOEBKPOH_00057	CDS	258				hypothetical protein
IOEBKPOH_00058	CDS	642				hypothetical protein
IOEBKPOH_00059	CDS	171				hypothetical protein
IOEBKPOH_00060	CDS	1044	pepA	3.4.11.1	COG0260	Cytosol aminopeptidase
IOEBKPOH_00061	CDS	582				hypothetical protein
IOEBKPOH_00062	CDS	558				hypothetical protein
IOEBKPOH_00063	CDS	309	ihfA		COG0776	Integration host factor subunit alpha
IOEBKPOH_00064	CDS	321				hypothetical protein
IOEBKPOH_00065	CDS	597				hypothetical protein
IOEBKPOH_00066	CDS	1113	leuS_1	6.1.1.4	COG0495	Leucine--tRNA ligase
IOEBKPOH_00067	CDS	1245	leuS_2	6.1.1.4		Leucine--tRNA ligase
IOEBKPOH_00068	CDS	669				hypothetical protein
IOEBKPOH_00069	CDS	165				hypothetical protein
IOEBKPOH_00070	CDS	162				hypothetical protein
IOEBKPOH_00071	CDS	198				hypothetical protein
IOEBKPOH_00072	CDS	294				hypothetical protein
IOEBKPOH_00073	CDS	708	pdxJ	2.6.99.2	COG0854	Pyridoxine 5'-phosphate synthase
IOEBKPOH_00074	CDS	312	hup			DNA-binding protein HU
IOEBKPOH_00075	CDS	456	rpsI		COG0103	30S ribosomal protein S9
IOEBKPOH_00076	CDS	519	rplM		COG0102	50S ribosomal protein L13
IOEBKPOH_00077	CDS	150				hypothetical protein
IOEBKPOH_00078	CDS	1062	bepC			Outer membrane efflux protein BepC
IOEBKPOH_00079	CDS	576				hypothetical protein
IOEBKPOH_00080	CDS	564	rlmE	2.1.1.166	COG0293	Ribosomal RNA large subunit methyltransferase E
IOEBKPOH_00081	CDS	2403	smc_1			Chromosome partition protein Smc
IOEBKPOH_00082	CDS	312				hypothetical protein
IOEBKPOH_00083	CDS	483				hypothetical protein
IOEBKPOH_00084	CDS	411				hypothetical protein
IOEBKPOH_00085	CDS	390				hypothetical protein
IOEBKPOH_00086	CDS	816				hypothetical protein
IOEBKPOH_00087	CDS	165				hypothetical protein
IOEBKPOH_00088	CDS	162				hypothetical protein
IOEBKPOH_00089	CDS	198				hypothetical protein
IOEBKPOH_00090	CDS	294				hypothetical protein
IOEBKPOH_00091	CDS	969				hypothetical protein
IOEBKPOH_00092	CDS	789				hypothetical protein
IOEBKPOH_00093	CDS	786	fabI	1.3.1.9	COG0623	Enoyl-[acyl-carrier-protein] reductase [NADH] FabI
IOEBKPOH_00094	CDS	1506	secD		COG0342	Protein translocase subunit SecD
IOEBKPOH_00095	CDS	153				hypothetical protein
IOEBKPOH_00096	CDS	147				hypothetical protein
IOEBKPOH_00097	CDS	132				hypothetical protein
IOEBKPOH_00098	CDS	135				hypothetical protein
IOEBKPOH_00099	CDS	1494	guaB	1.1.1.205	COG0516	Inosine-5'-monophosphate dehydrogenase
IOEBKPOH_00100	CDS	834	rsmA	2.1.1.182		Ribosomal RNA small subunit methyltransferase A
IOEBKPOH_00101	tRNA	74				tRNA-Thr(tgt)
IOEBKPOH_00102	CDS	699	tpiA	5.3.1.1	COG0149	Triosephosphate isomerase
IOEBKPOH_00103	CDS	1089				hypothetical protein
IOEBKPOH_00104	CDS	375	fdxA		COG1146	Ferredoxin 1
IOEBKPOH_00105	CDS	696				hypothetical protein
IOEBKPOH_00106	CDS	948	ddlB	6.3.2.4	COG1181	D-alanine--D-alanine ligase B
IOEBKPOH_00107	CDS	759	ftsQ			Cell division protein FtsQ
IOEBKPOH_00108	CDS	111				hypothetical protein
IOEBKPOH_00109	CDS	111				hypothetical protein
IOEBKPOH_00110	CDS	111				hypothetical protein
IOEBKPOH_00111	CDS	1107	dacF	3.4.16.4	COG1686	D-alanyl-D-alanine carboxypeptidase DacF
IOEBKPOH_00112	CDS	315	gdx_1			Guanidinium exporter
IOEBKPOH_00113	CDS	345	gdx_2			Guanidinium exporter
IOEBKPOH_00114	CDS	285			COG3385	IS4 family transposase ISWosp8
IOEBKPOH_00115	CDS	282			COG3385	IS4 family transposase ISWosp8
IOEBKPOH_00116	CDS	3141	putA			Bifunctional protein PutA
IOEBKPOH_00117	CDS	2607	acn	4.2.1.3	COG1048	Aconitate hydratase A
IOEBKPOH_00118	CDS	504	secB		COG1952	Protein-export protein SecB
IOEBKPOH_00119	CDS	693				hypothetical protein
IOEBKPOH_00120	CDS	741	dnaQ	2.7.7.7	COG0847	DNA polymerase III subunit epsilon
IOEBKPOH_00121	CDS	609	ypmQ		COG1999	SCO1 protein 
IOEBKPOH_00122	CDS	2388	gyrB	5.6.2.2		DNA gyrase subunit B
IOEBKPOH_00123	CDS	354				hypothetical protein
IOEBKPOH_00124	CDS	165				hypothetical protein
IOEBKPOH_00125	CDS	1329			COG3385	IS4 family transposase ISWen1
IOEBKPOH_00126	CDS	741	ispG_1	1.17.7.3	COG0821	4-hydroxy-3-methylbut-2-en-1-yl diphosphate synthase (flavodoxin)
IOEBKPOH_00127	CDS	354	ispG_2	1.17.7.3		4-hydroxy-3-methylbut-2-en-1-yl diphosphate synthase (ferredoxin)
IOEBKPOH_00128	CDS	621				hypothetical protein
IOEBKPOH_00129	CDS	126				hypothetical protein
IOEBKPOH_00130	CDS	516				hypothetical protein
IOEBKPOH_00131	CDS	2115	ftsK		COG1674	DNA translocase FtsK
IOEBKPOH_00132	CDS	279				hypothetical protein
IOEBKPOH_00133	CDS	276				hypothetical protein
IOEBKPOH_00134	CDS	222				hypothetical protein
IOEBKPOH_00135	CDS	312				hypothetical protein
IOEBKPOH_00136	CDS	222				hypothetical protein
IOEBKPOH_00137	CDS	219				hypothetical protein
IOEBKPOH_00138	CDS	438				hypothetical protein
IOEBKPOH_00139	tmRNA	336	ssrA			transfer-messenger RNA, SsrA
IOEBKPOH_00140	CDS	591				hypothetical protein
IOEBKPOH_00141	CDS	597	ribE	2.5.1.9		Riboflavin synthase
IOEBKPOH_00142	CDS	1731				hypothetical protein
IOEBKPOH_00143	CDS	1044	pheS	6.1.1.20	COG0016	Phenylalanine--tRNA ligase alpha subunit
IOEBKPOH_00144	CDS	1242	glmU_1		COG1207	Bifunctional protein GlmU
IOEBKPOH_00145	CDS	303	rplU		COG0261	50S ribosomal protein L21
IOEBKPOH_00146	CDS	270	rpmA		COG0211	50S ribosomal protein L27
IOEBKPOH_00147	tRNA	77				tRNA-Ile(gat)
IOEBKPOH_00148	CDS	1173	metK	2.5.1.6		S-adenosylmethionine synthase
IOEBKPOH_00149	CDS	381			COG3039	IS5 family transposase ISWpi1
IOEBKPOH_00150	CDS	342			COG3039	IS5 family transposase ISWpi1
IOEBKPOH_00151	CDS	411				hypothetical protein
IOEBKPOH_00152	CDS	246				hypothetical protein
IOEBKPOH_00153	CDS	237				hypothetical protein
IOEBKPOH_00154	CDS	234				hypothetical protein
IOEBKPOH_00155	CDS	828	ctaE	1.9.3.1	COG1845	Cytochrome c oxidase subunit 3
IOEBKPOH_00156	CDS	489	ruvC	3.1.22.4	COG0817	Crossover junction endodeoxyribonuclease RuvC
IOEBKPOH_00157	CDS	468		3.1.-.-	COG0816	Putative pre-16S rRNA nuclease
IOEBKPOH_00158	CDS	1425	gatB	6.3.5.-	COG0064	Aspartyl/glutamyl-tRNA(Asn/Gln) amidotransferase subunit B
IOEBKPOH_00159	CDS	1470				hypothetical protein
IOEBKPOH_00160	CDS	1401				hypothetical protein
IOEBKPOH_00161	CDS	420				hypothetical protein
IOEBKPOH_00162	CDS	1374	cysS	6.1.1.16	COG0215	Cysteine--tRNA ligase
IOEBKPOH_00163	CDS	645				hypothetical protein
IOEBKPOH_00164	CDS	657				hypothetical protein
IOEBKPOH_00165	CDS	168	tatA			Sec-independent protein translocase protein TatA
IOEBKPOH_00166	CDS	738	fbpC2	7.2.2.7	COG3842	Fe(3+) ions import ATP-binding protein FbpC 2
IOEBKPOH_00167	tRNA	77				tRNA-Arg(cct)
IOEBKPOH_00168	CDS	1818	uvrC		COG0322	UvrABC system protein C
IOEBKPOH_00169	CDS	2118	glyS	6.1.1.14	COG0751	Glycine--tRNA ligase beta subunit
IOEBKPOH_00170	CDS	840	glyQ	6.1.1.14	COG0752	Glycine--tRNA ligase alpha subunit
IOEBKPOH_00171	CDS	714				hypothetical protein
IOEBKPOH_00172	CDS	996	hemB	4.2.1.24	COG0113	Delta-aminolevulinic acid dehydratase
IOEBKPOH_00173	CDS	1026	nuoH	7.1.1.-	COG1005	NADH-quinone oxidoreductase subunit H
IOEBKPOH_00174	CDS	2070	nqo3	7.1.1.-	COG1034	NADH-quinone oxidoreductase chain 3
IOEBKPOH_00175	CDS	213				hypothetical protein
IOEBKPOH_00176	CDS	207				hypothetical protein
IOEBKPOH_00177	CDS	636	udg	3.2.2.27	COG1573	Type-4 uracil-DNA glycosylase
IOEBKPOH_00178	CDS	207				hypothetical protein
IOEBKPOH_00179	CDS	540	def	3.5.1.88		Peptide deformylase
IOEBKPOH_00180	CDS	1239	ftsA		COG0849	Cell division protein FtsA
IOEBKPOH_00181	CDS	783	map	3.4.11.18	COG0024	Methionine aminopeptidase
IOEBKPOH_00182	CDS	1146	proP_1			Proline/betaine transporter
IOEBKPOH_00183	CDS	285	rsmH_1	2.1.1.199		Ribosomal RNA small subunit methyltransferase H
IOEBKPOH_00184	CDS	576	rsmH_2	2.1.1.199	COG0275	Ribosomal RNA small subunit methyltransferase H
IOEBKPOH_00185	CDS	300				hypothetical protein
IOEBKPOH_00186	CDS	612	rplY			50S ribosomal protein L25
IOEBKPOH_00187	CDS	549	pth	3.1.1.29	COG0193	Peptidyl-tRNA hydrolase
IOEBKPOH_00188	CDS	963				IS481 family transposase ISWpi4
IOEBKPOH_00189	CDS	1149	ubiL	1.14.13.-	COG0654	Ubiquinone hydroxylase UbiL
IOEBKPOH_00190	CDS	525				hypothetical protein
IOEBKPOH_00191	CDS	1023	apbC		COG0489	Iron-sulfur cluster carrier protein
IOEBKPOH_00192	CDS	411				hypothetical protein
IOEBKPOH_00193	CDS	324				hypothetical protein
IOEBKPOH_00194	CDS	294				hypothetical protein
IOEBKPOH_00195	CDS	198				hypothetical protein
IOEBKPOH_00196	CDS	162				hypothetical protein
IOEBKPOH_00197	CDS	165				hypothetical protein
IOEBKPOH_00198	CDS	1404				hypothetical protein
IOEBKPOH_00199	CDS	588	coaE	2.7.1.24	COG0237	Dephospho-CoA kinase
IOEBKPOH_00200	CDS	1179	rnd_1	3.1.13.5	COG0349	Ribonuclease D
IOEBKPOH_00201	CDS	2550	mutS		COG0249	DNA mismatch repair protein MutS
IOEBKPOH_00202	CDS	807				hypothetical protein
IOEBKPOH_00203	CDS	183				hypothetical protein
IOEBKPOH_00204	CDS	114				hypothetical protein
IOEBKPOH_00205	CDS	714				hypothetical protein
IOEBKPOH_00206	CDS	1563	guaA	6.3.5.2		GMP synthase [glutamine-hydrolyzing]
IOEBKPOH_00207	CDS	1785	nrdZ	1.17.4.1		Vitamin B12-dependent ribonucleoside-diphosphate reductase
IOEBKPOH_00208	CDS	1125	COQ3_1	2.1.1.222		Ubiquinone biosynthesis O-methyltransferase, mitochondrial
IOEBKPOH_00209	rRNA	2756				23S ribosomal RNA
IOEBKPOH_00210	rRNA	101				5S ribosomal RNA
IOEBKPOH_00211	CDS	138				hypothetical protein
IOEBKPOH_00212	CDS	1089				hypothetical protein
IOEBKPOH_00213	CDS	1809	atpB_1	7.1.2.2		ATP synthase subunit beta
IOEBKPOH_00214	CDS	219				hypothetical protein
IOEBKPOH_00215	CDS	153				hypothetical protein
IOEBKPOH_00216	CDS	147				hypothetical protein
IOEBKPOH_00217	CDS	135				hypothetical protein
IOEBKPOH_00218	CDS	135				hypothetical protein
IOEBKPOH_00219	CDS	708	fucA	4.1.2.17		L-fuculose phosphate aldolase
IOEBKPOH_00220	CDS	651				hypothetical protein
IOEBKPOH_00221	CDS	429	OSGEPL1	2.3.1.234		tRNA N6-adenosine threonylcarbamoyltransferase, mitochondrial
IOEBKPOH_00222	CDS	1131				hypothetical protein
IOEBKPOH_00223	CDS	990	nrdB	1.17.4.1	COG0208	Ribonucleoside-diphosphate reductase subunit beta
IOEBKPOH_00224	CDS	339	bamE			Outer membrane protein assembly factor BamE
IOEBKPOH_00225	CDS	549				hypothetical protein
IOEBKPOH_00226	CDS	342			COG3039	IS5 family transposase ISWpi1
IOEBKPOH_00227	CDS	381			COG3039	IS5 family transposase ISWpi1
IOEBKPOH_00228	CDS	1032	yhcG	3.1.-.-	COG4804	Putative nuclease YhcG
IOEBKPOH_00229	CDS	141				hypothetical protein
IOEBKPOH_00230	CDS	729	recO			DNA repair protein RecO
IOEBKPOH_00231	CDS	1383	pleD			Response regulator PleD
IOEBKPOH_00232	CDS	297				hypothetical protein
IOEBKPOH_00233	CDS	444				hypothetical protein
IOEBKPOH_00234	CDS	3600	gdhB	1.4.1.2	COG2902	NAD-specific glutamate dehydrogenase
IOEBKPOH_00235	CDS	378				hypothetical protein
IOEBKPOH_00236	CDS	189				hypothetical protein
IOEBKPOH_00237	CDS	2562	clpB			Chaperone protein ClpB
IOEBKPOH_00238	CDS	297				hypothetical protein
IOEBKPOH_00239	CDS	285				hypothetical protein
IOEBKPOH_00240	CDS	1830	typA		COG1217	GTP-binding protein TypA/BipA
IOEBKPOH_00241	CDS	603	pyrE	2.4.2.10	COG0461	Orotate phosphoribosyltransferase
IOEBKPOH_00242	CDS	1185	gltP		COG1301	Proton/glutamate-aspartate symporter
IOEBKPOH_00243	CDS	1329	pyrC	3.5.2.3	COG0044	Dihydroorotase
IOEBKPOH_00244	CDS	753				hypothetical protein
IOEBKPOH_00245	CDS	216				hypothetical protein
IOEBKPOH_00246	CDS	372	ccmF_1		COG1138	Cytochrome c-type biogenesis protein CcmF
IOEBKPOH_00247	CDS	1671	ccmF_2		COG1138	Cytochrome c-type biogenesis protein CcmF
IOEBKPOH_00248	CDS	1572				hypothetical protein
IOEBKPOH_00249	CDS	279				hypothetical protein
IOEBKPOH_00250	CDS	876	secF			Protein translocase subunit SecF
IOEBKPOH_00251	CDS	537				hypothetical protein
IOEBKPOH_00252	CDS	1650	yidC		COG0706	Membrane protein insertase YidC
IOEBKPOH_00253	CDS	429	ribH1	2.5.1.78	COG0054	6,7-dimethyl-8-ribityllumazine synthase 1
IOEBKPOH_00254	CDS	483	nusB			Transcription antitermination protein NusB
IOEBKPOH_00255	CDS	330				hypothetical protein
IOEBKPOH_00256	CDS	183				hypothetical protein
IOEBKPOH_00257	CDS	390				hypothetical protein
IOEBKPOH_00258	CDS	654				hypothetical protein
IOEBKPOH_00259	CDS	462	dut	3.6.1.23		Deoxyuridine 5'-triphosphate nucleotidohydrolase
IOEBKPOH_00260	CDS	939	argB	2.7.2.8	COG0548	Acetylglutamate kinase
IOEBKPOH_00261	CDS	594	engB			GTP-binding protein EngB
IOEBKPOH_00262	CDS	1080	prfA		COG0216	Peptide chain release factor 1
IOEBKPOH_00263	CDS	1164	craA			Chloramphenicol resistance protein CraA
IOEBKPOH_00264	CDS	930				hypothetical protein
IOEBKPOH_00265	CDS	135				hypothetical protein
IOEBKPOH_00266	CDS	135				hypothetical protein
IOEBKPOH_00267	CDS	147				hypothetical protein
IOEBKPOH_00268	CDS	153				hypothetical protein
IOEBKPOH_00269	CDS	171				hypothetical protein
IOEBKPOH_00270	CDS	174				hypothetical protein
IOEBKPOH_00271	CDS	1029				hypothetical protein
IOEBKPOH_00272	CDS	1329			COG3385	IS4 family transposase ISWen1
IOEBKPOH_00273	CDS	1053				IS256 family transposase ISWpi15
IOEBKPOH_00274	CDS	249				hypothetical protein
IOEBKPOH_00275	CDS	240				hypothetical protein
IOEBKPOH_00276	CDS	927				hypothetical protein
IOEBKPOH_00277	CDS	1194				hypothetical protein
IOEBKPOH_00278	CDS	432				hypothetical protein
IOEBKPOH_00279	CDS	1077				hypothetical protein
IOEBKPOH_00280	CDS	240				hypothetical protein
IOEBKPOH_00281	CDS	204				hypothetical protein
IOEBKPOH_00282	CDS	1005				hypothetical protein
IOEBKPOH_00283	CDS	327				hypothetical protein
IOEBKPOH_00284	CDS	1230				hypothetical protein
IOEBKPOH_00285	CDS	492				hypothetical protein
IOEBKPOH_00286	CDS	150				hypothetical protein
IOEBKPOH_00287	CDS	1827				hypothetical protein
IOEBKPOH_00288	CDS	222				hypothetical protein
IOEBKPOH_00289	CDS	414				hypothetical protein
IOEBKPOH_00290	CDS	222				hypothetical protein
IOEBKPOH_00291	CDS	309				hypothetical protein
IOEBKPOH_00292	CDS	375				hypothetical protein
IOEBKPOH_00293	CDS	1047				hypothetical protein
IOEBKPOH_00294	CDS	882				hypothetical protein
IOEBKPOH_00295	CDS	183				hypothetical protein
IOEBKPOH_00296	CDS	1062				hypothetical protein
IOEBKPOH_00297	CDS	372				hypothetical protein
IOEBKPOH_00298	CDS	1002				hypothetical protein
IOEBKPOH_00299	CDS	261				hypothetical protein
IOEBKPOH_00300	CDS	1023				IS110 family transposase ISWen2
IOEBKPOH_00301	CDS	144				hypothetical protein
IOEBKPOH_00302	CDS	213				hypothetical protein
IOEBKPOH_00303	CDS	168				hypothetical protein
IOEBKPOH_00304	CDS	420				hypothetical protein
IOEBKPOH_00305	CDS	204				hypothetical protein
IOEBKPOH_00306	CDS	291				hypothetical protein
IOEBKPOH_00307	CDS	255				hypothetical protein
IOEBKPOH_00308	CDS	276				hypothetical protein
IOEBKPOH_00309	CDS	810				hypothetical protein
IOEBKPOH_00310	CDS	1161				hypothetical protein
IOEBKPOH_00311	CDS	603				hypothetical protein
IOEBKPOH_00312	CDS	591				hypothetical protein
IOEBKPOH_00313	CDS	465				hypothetical protein
IOEBKPOH_00314	CDS	1503				hypothetical protein
IOEBKPOH_00315	CDS	144				hypothetical protein
IOEBKPOH_00316	CDS	1215				hypothetical protein
IOEBKPOH_00317	CDS	828				hypothetical protein
IOEBKPOH_00318	CDS	2106				hypothetical protein
IOEBKPOH_00319	CDS	1626				hypothetical protein
IOEBKPOH_00320	CDS	249				hypothetical protein
IOEBKPOH_00321	CDS	891				hypothetical protein
IOEBKPOH_00322	CDS	912				hypothetical protein
IOEBKPOH_00323	CDS	168				hypothetical protein
IOEBKPOH_00324	CDS	108				hypothetical protein
IOEBKPOH_00325	CDS	285				hypothetical protein
IOEBKPOH_00326	CDS	210				hypothetical protein
IOEBKPOH_00327	CDS	165				hypothetical protein
IOEBKPOH_00328	CDS	165				hypothetical protein
IOEBKPOH_00329	CDS	765	ctaC	1.9.3.1	COG1622	Cytochrome c oxidase subunit 2
IOEBKPOH_00330	CDS	1551	ctaD	1.9.3.1	COG0843	Cytochrome c oxidase subunit 1
IOEBKPOH_00331	CDS	888	ctaB	2.5.1.141	COG0109	Protoheme IX farnesyltransferase
IOEBKPOH_00332	CDS	423	rnhA_1	3.1.26.4	COG0328	Ribonuclease HI
IOEBKPOH_00333	CDS	201				hypothetical protein
IOEBKPOH_00334	CDS	2586				hypothetical protein
IOEBKPOH_00335	CDS	117				hypothetical protein
IOEBKPOH_00336	CDS	1650	groL5			60 kDa chaperonin 5
IOEBKPOH_00337	CDS	291	groS		COG0234	10 kDa chaperonin
IOEBKPOH_00338	CDS	807	ygfZ			tRNA-modifying protein YgfZ
IOEBKPOH_00339	CDS	1740	recJ	3.1.-.-	COG0608	Single-stranded-DNA-specific exonuclease RecJ
IOEBKPOH_00340	CDS	234				hypothetical protein
IOEBKPOH_00341	CDS	1302				hypothetical protein
IOEBKPOH_00342	CDS	1308				hypothetical protein
IOEBKPOH_00343	CDS	2454	lon	3.4.21.53		Lon protease
IOEBKPOH_00344	CDS	1278	clpX		COG1219	ATP-dependent Clp protease ATP-binding subunit ClpX
IOEBKPOH_00345	CDS	627	clpP	3.4.21.92	COG0740	ATP-dependent Clp protease proteolytic subunit
IOEBKPOH_00346	CDS	1335	tig	5.2.1.8	COG0544	Trigger factor
IOEBKPOH_00347	tRNA	83				tRNA-Leu(tag)
IOEBKPOH_00348	CDS	597				hypothetical protein
IOEBKPOH_00349	CDS	930	gshB	6.3.2.3	COG0189	Glutathione synthetase
IOEBKPOH_00350	CDS	1032	murG	2.4.1.227	COG0707	UDP-N-acetylglucosamine--N-acetylmuramyl-(pentapeptide) pyrophosphoryl-undecaprenol N-acetylglucosamine transferase
IOEBKPOH_00351	CDS	393				hypothetical protein
IOEBKPOH_00352	CDS	1374	lpd	1.8.1.4	COG1249	Dihydrolipoyl dehydrogenase
IOEBKPOH_00353	CDS	423				hypothetical protein
IOEBKPOH_00354	CDS	183				hypothetical protein
IOEBKPOH_00355	CDS	342			COG3039	IS5 family transposase ISWpi1
IOEBKPOH_00356	CDS	381			COG3039	IS5 family transposase ISWpi1
IOEBKPOH_00357	CDS	435				hypothetical protein
IOEBKPOH_00358	CDS	183				hypothetical protein
IOEBKPOH_00359	CDS	333				hypothetical protein
IOEBKPOH_00360	CDS	1338	alsT_1		COG1115	Amino-acid carrier protein AlsT
IOEBKPOH_00361	CDS	2679				hypothetical protein
IOEBKPOH_00362	CDS	597	yhdE	3.6.1.9	COG0424	dTTP/UTP pyrophosphatase
IOEBKPOH_00363	CDS	264	infA			Translation initiation factor IF-1
IOEBKPOH_00364	CDS	879				hypothetical protein
IOEBKPOH_00365	CDS	1122				hypothetical protein
IOEBKPOH_00366	CDS	99				hypothetical protein
IOEBKPOH_00367	CDS	297			COG3039	IS5 family transposase ISCaa8
IOEBKPOH_00368	CDS	312				hypothetical protein
IOEBKPOH_00369	CDS	1278	purA	6.3.4.4	COG0104	Adenylosuccinate synthetase
IOEBKPOH_00370	CDS	315				hypothetical protein
IOEBKPOH_00371	CDS	126				hypothetical protein
IOEBKPOH_00372	CDS	846				hypothetical protein
IOEBKPOH_00373	CDS	183				hypothetical protein
IOEBKPOH_00374	CDS	171				hypothetical protein
IOEBKPOH_00375	CDS	711				hypothetical protein
IOEBKPOH_00376	CDS	831	yqfL	2.7.11.32	COG1806	Putative pyruvate, phosphate dikinase regulatory protein
IOEBKPOH_00377	CDS	129				hypothetical protein
IOEBKPOH_00378	CDS	339				hypothetical protein
IOEBKPOH_00379	CDS	303				hypothetical protein
IOEBKPOH_00380	CDS	198				hypothetical protein
IOEBKPOH_00381	CDS	216				hypothetical protein
IOEBKPOH_00382	CDS	165				hypothetical protein
IOEBKPOH_00383	CDS	1035	aaeA			p-hydroxybenzoic acid efflux pump subunit AaeA
IOEBKPOH_00384	CDS	1083			COG3177	putative protein
IOEBKPOH_00385	CDS	1749	dnaG	2.7.7.-		DNA primase
IOEBKPOH_00386	CDS	1176	COQ3_2	2.1.1.222		Ubiquinone biosynthesis O-methyltransferase, mitochondrial
IOEBKPOH_00387	CDS	441				hypothetical protein
IOEBKPOH_00388	CDS	1638	metG	6.1.1.10		Methionine--tRNA ligase
IOEBKPOH_00389	CDS	1185				hypothetical protein
IOEBKPOH_00390	CDS	1452	dnaC	3.6.4.12	COG0305	Replicative DNA helicase
IOEBKPOH_00391	tRNA	84				tRNA-Leu(caa)
IOEBKPOH_00392	CDS	681				hypothetical protein
IOEBKPOH_00393	CDS	291				hypothetical protein
IOEBKPOH_00394	CDS	465				hypothetical protein
IOEBKPOH_00395	CDS	2736	addA	3.1.-.-	COG1074	ATP-dependent helicase/nuclease subunit A
IOEBKPOH_00396	CDS	867	ispE	2.7.1.148	COG1947	4-diphosphocytidyl-2-C-methyl-D-erythritol kinase
IOEBKPOH_00397	CDS	366				hypothetical protein
IOEBKPOH_00398	CDS	756	znuB		COG1108	High-affinity zinc uptake system membrane protein ZnuB
IOEBKPOH_00399	CDS	180				hypothetical protein
IOEBKPOH_00400	CDS	993				hypothetical protein
IOEBKPOH_00401	CDS	1047				hypothetical protein
IOEBKPOH_00402	CDS	786	dapB	1.17.1.8	COG0289	4-hydroxy-tetrahydrodipicolinate reductase
IOEBKPOH_00403	CDS	759	pstB	7.3.2.1		Phosphate import ATP-binding protein PstB
IOEBKPOH_00404	CDS	303				hypothetical protein
IOEBKPOH_00405	CDS	198				hypothetical protein
IOEBKPOH_00406	CDS	162				hypothetical protein
IOEBKPOH_00407	CDS	165				hypothetical protein
IOEBKPOH_00408	CDS	1017	prfB		COG1186	Peptide chain release factor RF2
IOEBKPOH_00409	CDS	1371			COG2239	Magnesium transporter MgtE
IOEBKPOH_00410	CDS	1059	trkI		COG0168	Trk system potassium uptake protein TrkI
IOEBKPOH_00411	CDS	417				hypothetical protein
IOEBKPOH_00412	CDS	933				hypothetical protein
IOEBKPOH_00413	CDS	993	pstS			Phosphate-binding protein PstS
IOEBKPOH_00414	CDS	558	dcd	3.5.4.13	COG0717	dCTP deaminase
IOEBKPOH_00415	CDS	360				hypothetical protein
IOEBKPOH_00416	CDS	570				hypothetical protein
IOEBKPOH_00417	CDS	2712				hypothetical protein
IOEBKPOH_00418	CDS	612				hypothetical protein
IOEBKPOH_00419	CDS	816				hypothetical protein
IOEBKPOH_00420	CDS	1134	mdtL			Multidrug resistance protein MdtL
IOEBKPOH_00421	CDS	1629				hypothetical protein
IOEBKPOH_00422	CDS	963	tkt	2.2.1.1		Transketolase
IOEBKPOH_00423	CDS	951	tktA	2.2.1.1	COG0021	Transketolase 1
IOEBKPOH_00424	CDS	615	rpsD		COG0522	30S ribosomal protein S4
IOEBKPOH_00425	tRNA	87				tRNA-Leu(taa)
IOEBKPOH_00426	CDS	201	iscX		COG2975	Protein IscX
IOEBKPOH_00427	CDS	360				hypothetical protein
IOEBKPOH_00428	CDS	342	rpmB		COG0227	50S ribosomal protein L28
IOEBKPOH_00429	CDS	864	lipA	2.8.1.8		Lipoyl synthase
IOEBKPOH_00430	CDS	639	ubiE	2.1.1.163	COG2226	Ubiquinone/menaquinone biosynthesis C-methyltransferase UbiE
IOEBKPOH_00431	CDS	1116	ftsW	2.4.1.129		putative peptidoglycan glycosyltransferase FtsW
IOEBKPOH_00432	CDS	390				hypothetical protein
IOEBKPOH_00433	CDS	741				hypothetical protein
IOEBKPOH_00434	CDS	1548				hypothetical protein
IOEBKPOH_00435	CDS	444				hypothetical protein
IOEBKPOH_00436	CDS	264				hypothetical protein
IOEBKPOH_00437	CDS	1698		3.6.3.-	COG1132	Putative multidrug export ATP-binding/permease protein
IOEBKPOH_00438	CDS	219				hypothetical protein
IOEBKPOH_00439	CDS	1707	argS	6.1.1.19		Arginine--tRNA ligase
IOEBKPOH_00440	CDS	225				hypothetical protein
IOEBKPOH_00441	CDS	300				hypothetical protein
IOEBKPOH_00442	CDS	102				hypothetical protein
IOEBKPOH_00443	CDS	1296				hypothetical protein
IOEBKPOH_00444	CDS	624	ccmA	7.6.2.5	COG4133	Cytochrome c biogenesis ATP-binding export protein CcmA
IOEBKPOH_00445	CDS	360				hypothetical protein
IOEBKPOH_00446	CDS	1866	aspS	6.1.1.12		Aspartate--tRNA ligase
IOEBKPOH_00447	CDS	1263	proP_2			Proline/betaine transporter
IOEBKPOH_00448	CDS	924	rluC	5.4.99.24	COG0564	Ribosomal large subunit pseudouridine synthase C
IOEBKPOH_00449	CDS	981	acoA	1.1.1.-	COG1071	Acetoin:2,6-dichlorophenolindophenol oxidoreductase subunit alpha
IOEBKPOH_00450	CDS	429				hypothetical protein
IOEBKPOH_00451	CDS	1320	miaB	2.8.4.3	COG0621	tRNA-2-methylthio-N(6)-dimethylallyladenosine synthase
IOEBKPOH_00452	CDS	993	dtpA		COG3104	Dipeptide and tripeptide permease A
IOEBKPOH_00453	CDS	522	dtpC		COG3104	Dipeptide and tripeptide permease C
IOEBKPOH_00454	CDS	546	ileS_1	6.1.1.5	COG0060	Isoleucine--tRNA ligase
IOEBKPOH_00455	CDS	1635	ileS_2	6.1.1.5	COG0060	Isoleucine--tRNA ligase
IOEBKPOH_00456	CDS	318				hypothetical protein
IOEBKPOH_00457	CDS	198				hypothetical protein
IOEBKPOH_00458	CDS	1167				hypothetical protein
IOEBKPOH_00459	CDS	687				hypothetical protein
IOEBKPOH_00460	CDS	2340	pheT	6.1.1.20	COG0072	Phenylalanine--tRNA ligase beta subunit
IOEBKPOH_00461	CDS	180				hypothetical protein
IOEBKPOH_00462	CDS	726	atpB_2		COG0356	ATP synthase subunit a
IOEBKPOH_00463	CDS	228	atpH_1			ATP synthase subunit c
IOEBKPOH_00464	CDS	480	atpF_1			ATP synthase subunit b
IOEBKPOH_00465	CDS	477	atpF_2			ATP synthase subunit b
IOEBKPOH_00466	CDS	1599				hypothetical protein
IOEBKPOH_00467	CDS	1128	ctaA	1.3.-.-	COG1612	Heme A synthase
IOEBKPOH_00468	CDS	504				hypothetical protein
IOEBKPOH_00469	CDS	1500	accA1		COG4770	Acetyl-/propionyl-coenzyme A carboxylase alpha chain
IOEBKPOH_00470	CDS	411				hypothetical protein
IOEBKPOH_00471	CDS	423	gltX_1	6.1.1.17		Glutamate--tRNA ligase
IOEBKPOH_00472	CDS	948	gltX_2	6.1.1.17		Glutamate--tRNA ligase
IOEBKPOH_00473	CDS	156				hypothetical protein
IOEBKPOH_00474	CDS	186				hypothetical protein
IOEBKPOH_00475	CDS	1524	sdhA	1.3.5.1	COG1053	Succinate dehydrogenase flavoprotein subunit
IOEBKPOH_00476	CDS	216				hypothetical protein
IOEBKPOH_00477	CDS	417				hypothetical protein
IOEBKPOH_00478	CDS	885				hypothetical protein
IOEBKPOH_00479	CDS	606	gmk	2.7.4.8	COG0194	Guanylate kinase
IOEBKPOH_00480	CDS	1815				hypothetical protein
IOEBKPOH_00481	CDS	816				hypothetical protein
IOEBKPOH_00482	CDS	375				hypothetical protein
IOEBKPOH_00483	CDS	1095	ychF		COG0012	Ribosome-binding ATPase YchF
IOEBKPOH_00484	CDS	555				hypothetical protein
IOEBKPOH_00485	CDS	1176	cca	2.7.7.72		CCA-adding enzyme
IOEBKPOH_00486	CDS	249				hypothetical protein
IOEBKPOH_00487	CDS	948				hypothetical protein
IOEBKPOH_00488	CDS	369				hypothetical protein
IOEBKPOH_00489	CDS	534				hypothetical protein
IOEBKPOH_00490	CDS	1098	gap	1.2.1.12	COG0057	Glyceraldehyde-3-phosphate dehydrogenase
IOEBKPOH_00491	CDS	762	tatC		COG0805	Sec-independent protein translocase protein TatC
IOEBKPOH_00492	CDS	456	argR		COG1438	Arginine repressor
IOEBKPOH_00493	CDS	735	artP		COG0834	Arginine-binding extracellular protein ArtP
IOEBKPOH_00494	CDS	648	artQ		COG0765	Arginine transport system permease protein ArtQ
IOEBKPOH_00495	CDS	642	artM		COG1126	Arginine transport ATP-binding protein ArtM
IOEBKPOH_00496	CDS	381			COG3039	IS5 family transposase ISWpi1
IOEBKPOH_00497	CDS	342			COG3039	IS5 family transposase ISWpi1
IOEBKPOH_00498	CDS	1200				hypothetical protein
IOEBKPOH_00499	CDS	294				hypothetical protein
IOEBKPOH_00500	CDS	798				hypothetical protein
IOEBKPOH_00501	CDS	675	pyrF	4.1.1.23	COG0284	Orotidine 5'-phosphate decarboxylase
IOEBKPOH_00502	CDS	1335	smc_2			Chromosome partition protein Smc
IOEBKPOH_00503	CDS	243				hypothetical protein
IOEBKPOH_00504	CDS	1215	ftsH_1	3.4.24.-		ATP-dependent zinc metalloprotease FtsH
IOEBKPOH_00505	CDS	1662	valS_1	6.1.1.9		Valine--tRNA ligase
IOEBKPOH_00506	CDS	921	valS_2	6.1.1.9		Valine--tRNA ligase
IOEBKPOH_00507	CDS	1110	smc_3			Chromosome partition protein Smc
IOEBKPOH_00508	CDS	516	yrdA		COG0663	Protein YrdA
IOEBKPOH_00509	CDS	321				hypothetical protein
IOEBKPOH_00510	CDS	1260	pyrG_1	6.3.4.2	COG0504	CTP synthase
IOEBKPOH_00511	CDS	309	pyrG_2	6.3.4.2		CTP synthase
IOEBKPOH_00512	CDS	408	tadA	3.5.4.33	COG0590	tRNA-specific adenosine deaminase
IOEBKPOH_00513	CDS	1263	abaF			Fosfomycin resistance protein AbaF
IOEBKPOH_00514	CDS	267				hypothetical protein
IOEBKPOH_00515	CDS	1101	ftsH_2	3.4.24.-		ATP-dependent zinc metalloprotease FtsH
IOEBKPOH_00516	CDS	1089	bfmBAB	1.2.4.4	COG0022	2-oxoisovalerate dehydrogenase subunit beta
IOEBKPOH_00517	CDS	438				hypothetical protein
IOEBKPOH_00518	CDS	1797	lepA	3.6.5.-	COG0481	Elongation factor 4
IOEBKPOH_00519	CDS	1395				hypothetical protein
IOEBKPOH_00520	CDS	693				hypothetical protein
IOEBKPOH_00521	CDS	276				hypothetical protein
IOEBKPOH_00522	CDS	870				hypothetical protein
IOEBKPOH_00523	CDS	939				hypothetical protein
IOEBKPOH_00524	CDS	372			COG0217	putative transcriptional regulatory protein
IOEBKPOH_00525	CDS	765	bamD		COG4105	Outer membrane protein assembly factor BamD
IOEBKPOH_00526	CDS	825				hypothetical protein
IOEBKPOH_00527	CDS	543	pgsA	2.7.8.5	COG0558	CDP-diacylglycerol--glycerol-3-phosphate 3-phosphatidyltransferase
IOEBKPOH_00528	CDS	1323	tme	1.1.1.40	COG0280	NADP-dependent malic enzyme
IOEBKPOH_00529	CDS	912				hypothetical protein
IOEBKPOH_00530	CDS	219			COG0271	putative protein RP812
IOEBKPOH_00531	CDS	324	grxD		COG0278	Glutaredoxin 4
IOEBKPOH_00532	CDS	1395	fumC	4.2.1.2	COG0114	Fumarate hydratase class II
IOEBKPOH_00533	CDS	1023	cgtA	3.6.5.-		GTPase Obg/CgtA
IOEBKPOH_00534	CDS	1275	eno	4.2.1.11		Enolase
IOEBKPOH_00535	CDS	1497	murC	6.3.2.8		UDP-N-acetylmuramate--L-alanine ligase
IOEBKPOH_00536	CDS	675	rlpA	4.2.2.-		Endolytic peptidoglycan transglycosylase RlpA
IOEBKPOH_00537	CDS	1365	ankX	2.7.1.-	COG0666	Phosphocholine transferase AnkX
IOEBKPOH_00538	CDS	1488	sctC			Type 3 secretion system secretin
IOEBKPOH_00539	CDS	933				hypothetical protein
IOEBKPOH_00540	CDS	1227	mtaB	2.8.4.5	COG0621	Threonylcarbamoyladenosine tRNA methylthiotransferase MtaB
IOEBKPOH_00541	CDS	1470	gatA	6.3.5.7	COG0154	Glutamyl-tRNA(Gln) amidotransferase subunit A
IOEBKPOH_00542	CDS	1077				hypothetical protein
IOEBKPOH_00543	CDS	240				hypothetical protein
IOEBKPOH_00544	CDS	204				hypothetical protein
IOEBKPOH_00545	CDS	408				hypothetical protein
IOEBKPOH_00546	CDS	939				hypothetical protein
IOEBKPOH_00547	CDS	1797	mutL_1			DNA mismatch repair protein MutL
IOEBKPOH_00548	CDS	441	rnhA_2	3.1.26.4		Ribonuclease H
IOEBKPOH_00549	CDS	102				hypothetical protein
IOEBKPOH_00550	CDS	930				hypothetical protein
IOEBKPOH_00551	CDS	3297				hypothetical protein
IOEBKPOH_00552	CDS	8532				hypothetical protein
IOEBKPOH_00553	CDS	1410				hypothetical protein
IOEBKPOH_00554	CDS	162				hypothetical protein
IOEBKPOH_00555	CDS	381				hypothetical protein
IOEBKPOH_00556	CDS	342			COG3039	IS5 family transposase ISWpi1
IOEBKPOH_00557	CDS	381			COG3039	IS5 family transposase ISWpi1
IOEBKPOH_00558	CDS	753	ltrA		COG3344	Group II intron-encoded protein LtrA
IOEBKPOH_00559	CDS	240				hypothetical protein
IOEBKPOH_00560	CDS	204				hypothetical protein
IOEBKPOH_00561	CDS	543				hypothetical protein
IOEBKPOH_00562	CDS	285				hypothetical protein
IOEBKPOH_00563	CDS	165				hypothetical protein
IOEBKPOH_00564	CDS	165				hypothetical protein
IOEBKPOH_00565	CDS	1002				hypothetical protein
IOEBKPOH_00566	tRNA	74				tRNA-Phe(gaa)
IOEBKPOH_00567	CDS	507	coaD	2.7.7.3		Phosphopantetheine adenylyltransferase
IOEBKPOH_00568	CDS	99				hypothetical protein
IOEBKPOH_00569	CDS	192				hypothetical protein
IOEBKPOH_00570	CDS	627				hypothetical protein
IOEBKPOH_00571	CDS	696	ispU	2.5.1.31	COG0020	Ditrans,polycis-undecaprenyl-diphosphate synthase ((2E,6E)-farnesyl-diphosphate specific)
IOEBKPOH_00572	CDS	264				hypothetical protein
IOEBKPOH_00573	CDS	558	frr		COG0233	Ribosome-recycling factor
IOEBKPOH_00574	CDS	744	pyrH	2.7.4.22	COG0528	Uridylate kinase
IOEBKPOH_00575	CDS	861	tsf		COG0264	Elongation factor Ts
IOEBKPOH_00576	CDS	849	rpsB		COG0052	30S ribosomal protein S2
IOEBKPOH_00577	tRNA	77				tRNA-Asp(gtc)
IOEBKPOH_00578	CDS	372	yajC		COG1862	Sec translocon accessory complex subunit YajC
IOEBKPOH_00579	CDS	1821	nodM	2.6.1.16		Glutamine--fructose-6-phosphate aminotransferase [isomerizing]
IOEBKPOH_00580	CDS	444				hypothetical protein
IOEBKPOH_00581	CDS	144				hypothetical protein
IOEBKPOH_00582	CDS	1296				hypothetical protein
IOEBKPOH_00583	CDS	834				hypothetical protein
IOEBKPOH_00584	CDS	888	murB	1.3.1.98	COG0812	UDP-N-acetylenolpyruvoylglucosamine reductase
IOEBKPOH_00585	CDS	909	hemC	2.5.1.61	COG0181	Porphobilinogen deaminase
IOEBKPOH_00586	CDS	1173	sucB	2.3.1.61	COG0508	Dihydrolipoyllysine-residue succinyltransferase component of 2-oxoglutarate dehydrogenase complex
IOEBKPOH_00587	CDS	1959				hypothetical protein
IOEBKPOH_00588	CDS	453				hypothetical protein
IOEBKPOH_00589	CDS	381			COG3039	IS5 family transposase ISWpi1
IOEBKPOH_00590	CDS	342			COG3039	IS5 family transposase ISWpi1
IOEBKPOH_00591	CDS	969				hypothetical protein
IOEBKPOH_00592	CDS	2661	secA		COG0653	Protein translocase subunit SecA
IOEBKPOH_00593	CDS	990				hypothetical protein
IOEBKPOH_00594	CDS	645	tal	2.2.1.2	COG0176	Transaldolase
IOEBKPOH_00595	CDS	342				hypothetical protein
IOEBKPOH_00596	CDS	354				hypothetical protein
IOEBKPOH_00597	CDS	165				hypothetical protein
IOEBKPOH_00598	CDS	879	folD		COG0190	Bifunctional protein FolD protein
IOEBKPOH_00599	CDS	576	ubiX	2.5.1.129	COG0163	Flavin prenyltransferase UbiX
IOEBKPOH_00600	CDS	267				hypothetical protein
IOEBKPOH_00601	CDS	1284				hypothetical protein
IOEBKPOH_00602	CDS	1179	argD_1	2.6.1.11	COG4992	Acetylornithine aminotransferase
IOEBKPOH_00603	CDS	1227	nuoD	7.1.1.-	COG0649	NADH-quinone oxidoreductase subunit D
IOEBKPOH_00604	CDS	141				hypothetical protein
IOEBKPOH_00605	CDS	222				hypothetical protein
IOEBKPOH_00606	CDS	1329			COG3385	IS4 family transposase ISWen1
IOEBKPOH_00607	CDS	336				hypothetical protein
IOEBKPOH_00608	CDS	909				hypothetical protein
IOEBKPOH_00609	CDS	216				hypothetical protein
IOEBKPOH_00610	CDS	558				hypothetical protein
IOEBKPOH_00611	CDS	945				hypothetical protein
IOEBKPOH_00612	CDS	210				hypothetical protein
IOEBKPOH_00613	CDS	348				hypothetical protein
IOEBKPOH_00614	CDS	2265				hypothetical protein
IOEBKPOH_00615	CDS	246				hypothetical protein
IOEBKPOH_00616	CDS	585				hypothetical protein
IOEBKPOH_00617	CDS	723	gpFI			Putative prophage major tail sheath protein
IOEBKPOH_00618	CDS	309				hypothetical protein
IOEBKPOH_00619	CDS	582				hypothetical protein
IOEBKPOH_00620	CDS	768				hypothetical protein
IOEBKPOH_00621	CDS	522				hypothetical protein
IOEBKPOH_00622	CDS	195				hypothetical protein
IOEBKPOH_00623	CDS	1179				hypothetical protein
IOEBKPOH_00624	CDS	1929				hypothetical protein
IOEBKPOH_00625	CDS	702				hypothetical protein
IOEBKPOH_00626	CDS	2049				hypothetical protein
IOEBKPOH_00627	CDS	885				hypothetical protein
IOEBKPOH_00628	CDS	501				hypothetical protein
IOEBKPOH_00629	CDS	255				hypothetical protein
IOEBKPOH_00630	CDS	342			COG3039	IS5 family transposase ISWpi1
IOEBKPOH_00631	CDS	423			COG3039	IS5 family transposase ISWpi1
IOEBKPOH_00632	CDS	567				hypothetical protein
IOEBKPOH_00633	CDS	822				hypothetical protein
IOEBKPOH_00634	CDS	495				hypothetical protein
IOEBKPOH_00635	CDS	342				hypothetical protein
IOEBKPOH_00636	CDS	1227				hypothetical protein
IOEBKPOH_00637	CDS	480				hypothetical protein
IOEBKPOH_00638	CDS	1482				hypothetical protein
IOEBKPOH_00639	CDS	1824				hypothetical protein
IOEBKPOH_00640	CDS	234				hypothetical protein
IOEBKPOH_00641	CDS	261				hypothetical protein
IOEBKPOH_00642	CDS	282				hypothetical protein
IOEBKPOH_00643	CDS	1236				hypothetical protein
IOEBKPOH_00644	CDS	195				hypothetical protein
IOEBKPOH_00645	CDS	1062				hypothetical protein
IOEBKPOH_00646	CDS	372				hypothetical protein
IOEBKPOH_00647	CDS	1005				hypothetical protein
IOEBKPOH_00648	CDS	306				hypothetical protein
IOEBKPOH_00649	CDS	204				hypothetical protein
IOEBKPOH_00650	CDS	240				hypothetical protein
IOEBKPOH_00651	CDS	1077				hypothetical protein
IOEBKPOH_00652	CDS	1593				hypothetical protein
IOEBKPOH_00653	CDS	513				hypothetical protein
IOEBKPOH_00654	CDS	3528	rapA	3.6.4.-		RNA polymerase-associated protein RapA
IOEBKPOH_00655	CDS	762	glmU_2		COG1207	Bifunctional protein GlmU
IOEBKPOH_00656	CDS	228				hypothetical protein
IOEBKPOH_00657	CDS	711	hldD	5.1.3.20		ADP-L-glycero-D-manno-heptose-6-epimerase
IOEBKPOH_00658	CDS	2337	mshA	2.4.1.250		D-inositol-3-phosphate glycosyltransferase
IOEBKPOH_00659	CDS	1695				hypothetical protein
IOEBKPOH_00660	CDS	990				hypothetical protein
IOEBKPOH_00661	CDS	1776	btuD	7.6.2.8		Vitamin B12 import ATP-binding protein BtuD
IOEBKPOH_00662	CDS	1065	ltaA_1	4.1.2.49		L-allo-threonine aldolase
IOEBKPOH_00663	CDS	1053	ltaA_2	4.1.2.49		L-allo-threonine aldolase
IOEBKPOH_00664	CDS	1146	glpT		COG2271	Glycerol-3-phosphate transporter
IOEBKPOH_00665	CDS	1308	rkpK	1.1.1.22	COG1004	UDP-glucose 6-dehydrogenase
IOEBKPOH_00666	CDS	915	ribN			Riboflavin transporter
IOEBKPOH_00667	CDS	912				hypothetical protein
IOEBKPOH_00668	CDS	909				hypothetical protein
IOEBKPOH_00669	CDS	303				hypothetical protein
IOEBKPOH_00670	CDS	837				hypothetical protein
IOEBKPOH_00671	CDS	657				hypothetical protein
IOEBKPOH_00672	CDS	912				hypothetical protein
IOEBKPOH_00673	CDS	897				hypothetical protein
IOEBKPOH_00674	CDS	540				hypothetical protein
IOEBKPOH_00675	CDS	2430				hypothetical protein
IOEBKPOH_00676	CDS	1425				hypothetical protein
IOEBKPOH_00677	CDS	3522				hypothetical protein
IOEBKPOH_00678	CDS	1821				hypothetical protein
IOEBKPOH_00679	CDS	981				hypothetical protein
IOEBKPOH_00680	CDS	1470				hypothetical protein
IOEBKPOH_00681	CDS	441				hypothetical protein
IOEBKPOH_00682	CDS	459				hypothetical protein
IOEBKPOH_00683	CDS	735				hypothetical protein
IOEBKPOH_00684	CDS	1161				hypothetical protein
IOEBKPOH_00685	CDS	792				hypothetical protein
IOEBKPOH_00686	CDS	336				hypothetical protein
IOEBKPOH_00687	CDS	255				hypothetical protein
IOEBKPOH_00688	CDS	465				hypothetical protein
IOEBKPOH_00689	CDS	477				hypothetical protein
IOEBKPOH_00690	CDS	435				hypothetical protein
IOEBKPOH_00691	CDS	480				hypothetical protein
IOEBKPOH_00692	CDS	381			COG3039	IS5 family transposase ISWpi1
IOEBKPOH_00693	CDS	342			COG3039	IS5 family transposase ISWpi1
IOEBKPOH_00694	CDS	165				hypothetical protein
IOEBKPOH_00695	CDS	285				hypothetical protein
IOEBKPOH_00696	CDS	1560	prsE			Type I secretion system membrane fusion protein PrsE
IOEBKPOH_00697	CDS	735	fabG	1.1.1.100		3-oxoacyl-[acyl-carrier-protein] reductase FabG
IOEBKPOH_00698	CDS	294				hypothetical protein
IOEBKPOH_00699	CDS	1281	bepA	3.4.-.-	COG4783	Beta-barrel assembly-enhancing protease
IOEBKPOH_00700	CDS	405	ribB_1	4.1.99.12	COG0108	3,4-dihydroxy-2-butanone 4-phosphate synthase
IOEBKPOH_00701	CDS	246	ribB_2	4.1.99.12		3,4-dihydroxy-2-butanone 4-phosphate synthase
IOEBKPOH_00702	CDS	495	greA		COG0782	Transcription elongation factor GreA
IOEBKPOH_00703	CDS	1542	atpA	7.1.2.2	COG0056	ATP synthase subunit alpha
IOEBKPOH_00704	CDS	561	atpH_2		COG0712	ATP synthase subunit delta
IOEBKPOH_00705	CDS	351				hypothetical protein
IOEBKPOH_00706	CDS	429	rplQ		COG0203	50S ribosomal protein L17
IOEBKPOH_00707	CDS	1068	rpoA	2.7.7.6	COG0202	DNA-directed RNA polymerase subunit alpha
IOEBKPOH_00708	CDS	387	rpsK			30S ribosomal protein S11
IOEBKPOH_00709	CDS	369	rpsM		COG0099	30S ribosomal protein S13
IOEBKPOH_00710	CDS	642	adk	2.7.4.3	COG0563	Adenylate kinase
IOEBKPOH_00711	CDS	1329	secY		COG0201	Protein translocase subunit SecY
IOEBKPOH_00712	CDS	471	rplO		COG0200	50S ribosomal protein L15
IOEBKPOH_00713	CDS	513	rpsE		COG0098	30S ribosomal protein S5
IOEBKPOH_00714	CDS	372	rplR		COG0256	50S ribosomal protein L18
IOEBKPOH_00715	CDS	546	rplF		COG0097	50S ribosomal protein L6
IOEBKPOH_00716	CDS	396	rpsH		COG0096	30S ribosomal protein S8
IOEBKPOH_00717	CDS	309	rpsN		COG0199	30S ribosomal protein S14
IOEBKPOH_00718	CDS	534	rplE			50S ribosomal protein L5
IOEBKPOH_00719	CDS	318	rplX			50S ribosomal protein L24
IOEBKPOH_00720	CDS	360	rplN		COG0093	50S ribosomal protein L14
IOEBKPOH_00721	CDS	231	rpsQ		COG0186	30S ribosomal protein S17
IOEBKPOH_00722	CDS	204				hypothetical protein
IOEBKPOH_00723	CDS	414	rplP		COG0197	50S ribosomal protein L16
IOEBKPOH_00724	CDS	525	rpsC		COG0092	30S ribosomal protein S3
IOEBKPOH_00725	CDS	348	rplV		COG0091	50S ribosomal protein L22
IOEBKPOH_00726	CDS	825	rplB		COG0090	50S ribosomal protein L2
IOEBKPOH_00727	CDS	288	rplW		COG0089	50S ribosomal protein L23
IOEBKPOH_00728	CDS	615	rplD			50S ribosomal protein L4
IOEBKPOH_00729	CDS	723	rplC		COG0087	50S ribosomal protein L3
IOEBKPOH_00730	CDS	348	rpsJ		COG0051	30S ribosomal protein S10
IOEBKPOH_00731	CDS	1173	tufA_2		COG0050	Elongation factor Tu
IOEBKPOH_00732	tRNA	72				tRNA-Gly(tcc)
IOEBKPOH_00733	tRNA	85				tRNA-Tyr(gta)
IOEBKPOH_00734	CDS	618	carA_1	6.3.5.5	COG0505	Carbamoyl-phosphate synthase small chain
IOEBKPOH_00735	CDS	576	carA_2	6.3.5.5	COG0505	Carbamoyl-phosphate synthase small chain
IOEBKPOH_00736	CDS	495				hypothetical protein
IOEBKPOH_00737	CDS	492				hypothetical protein
IOEBKPOH_00738	CDS	708				hypothetical protein
IOEBKPOH_00739	CDS	936	glpX	3.1.3.11	COG1494	Fructose-1,6-bisphosphatase class 2
IOEBKPOH_00740	CDS	339				hypothetical protein
IOEBKPOH_00741	CDS	879				hypothetical protein
IOEBKPOH_00742	CDS	2367	ppdK	2.7.9.1	COG0574	Pyruvate, phosphate dikinase
IOEBKPOH_00743	CDS	249				hypothetical protein
IOEBKPOH_00744	CDS	444				hypothetical protein
IOEBKPOH_00745	CDS	144				hypothetical protein
IOEBKPOH_00746	CDS	1548				hypothetical protein
IOEBKPOH_00747	CDS	729				hypothetical protein
IOEBKPOH_00748	CDS	1356	algC	5.4.2.2	COG1109	Phosphomannomutase/phosphoglucomutase
IOEBKPOH_00749	CDS	1107				hypothetical protein
IOEBKPOH_00750	CDS	429				hypothetical protein
IOEBKPOH_00751	CDS	195				hypothetical protein
IOEBKPOH_00752	CDS	474				hypothetical protein
IOEBKPOH_00753	CDS	210				hypothetical protein
IOEBKPOH_00754	CDS	1008	tsaD	2.3.1.234	COG0533	tRNA N6-adenosine threonylcarbamoyltransferase
IOEBKPOH_00755	CDS	738				hypothetical protein
IOEBKPOH_00756	CDS	1137	nifS	2.8.1.7	COG1104	Cysteine desulfurase NifS
IOEBKPOH_00757	CDS	699				hypothetical protein
IOEBKPOH_00758	CDS	165				hypothetical protein
IOEBKPOH_00759	CDS	675	lolD	3.6.3.-	COG1136	Lipoprotein-releasing system ATP-binding protein LolD
IOEBKPOH_00760	CDS	462	erpA		COG0316	Iron-sulfur cluster insertion protein ErpA
IOEBKPOH_00761	CDS	1200				Deoxyguanosinetriphosphate triphosphohydrolase-like protein
IOEBKPOH_00762	CDS	1083	ribD		COG0117	Riboflavin biosynthesis protein RibD
IOEBKPOH_00763	CDS	381				hypothetical protein
IOEBKPOH_00764	CDS	471				hypothetical protein
IOEBKPOH_00765	CDS	678	rpe	5.1.3.1		Ribulose-phosphate 3-epimerase
IOEBKPOH_00766	CDS	279				hypothetical protein
IOEBKPOH_00767	CDS	900	dapD	2.3.1.117		2,3,4,5-tetrahydropyridine-2,6-dicarboxylate N-succinyltransferase
IOEBKPOH_00768	CDS	282				hypothetical protein
IOEBKPOH_00769	CDS	393				hypothetical protein
IOEBKPOH_00770	CDS	1065				hypothetical protein
IOEBKPOH_00771	CDS	1410				hypothetical protein
IOEBKPOH_00772	CDS	177				hypothetical protein
IOEBKPOH_00773	CDS	1575	mrdA	3.4.16.4	COG0768	Peptidoglycan D,D-transpeptidase MrdA
IOEBKPOH_00774	CDS	840	pgdA	3.5.1.104	COG0726	Peptidoglycan-N-acetylglucosamine deacetylase
IOEBKPOH_00775	CDS	1509	comM		COG0606	Competence protein ComM
IOEBKPOH_00776	CDS	324				hypothetical protein
IOEBKPOH_00777	CDS	1197	ftsZ			Cell division protein FtsZ
IOEBKPOH_00778	CDS	399				hypothetical protein
IOEBKPOH_00779	CDS	384	ybeY	3.1.-.-		Endoribonuclease YbeY
IOEBKPOH_00780	CDS	789	sdhB	1.3.5.1	COG0479	Succinate dehydrogenase iron-sulfur subunit
IOEBKPOH_00781	CDS	1137				hypothetical protein
IOEBKPOH_00782	CDS	681				hypothetical protein
IOEBKPOH_00783	CDS	483	pgpA	3.1.3.27	COG1267	Phosphatidylglycerophosphatase A
IOEBKPOH_00784	CDS	984	gpsA	1.1.1.94		Glycerol-3-phosphate dehydrogenase [NAD(P)+]
IOEBKPOH_00785	CDS	771	ctrA			Cell cycle response regulator CtrA
IOEBKPOH_00786	CDS	363				hypothetical protein
IOEBKPOH_00787	CDS	1755				hypothetical protein
IOEBKPOH_00788	CDS	501	nqo2	7.1.1.-	COG1905	NADH-quinone oxidoreductase chain 2
IOEBKPOH_00789	CDS	1215	tgt	2.4.2.29		Queuine tRNA-ribosyltransferase
IOEBKPOH_00790	CDS	294				hypothetical protein
IOEBKPOH_00791	CDS	1272		3.4.24.-	COG0612	putative zinc protease
IOEBKPOH_00792	CDS	621	sodB	1.15.1.1		Superoxide dismutase [Fe]
IOEBKPOH_00793	CDS	177				hypothetical protein
IOEBKPOH_00794	CDS	1407	appC	7.1.1.3	COG1271	Cytochrome bd-II ubiquinol oxidase subunit 1
IOEBKPOH_00795	CDS	1023	cydB	7.1.1.7	COG1294	Cytochrome bd-I ubiquinol oxidase subunit 2
IOEBKPOH_00796	CDS	105				hypothetical protein
IOEBKPOH_00797	CDS	243	era_1			GTPase Era
IOEBKPOH_00798	CDS	618	era_2		COG1159	GTPase Era
IOEBKPOH_00799	CDS	822				hypothetical protein
IOEBKPOH_00800	CDS	1980				hypothetical protein
IOEBKPOH_00801	CDS	807				hypothetical protein
IOEBKPOH_00802	tRNA	88				tRNA-Ser(gga)
IOEBKPOH_00803	CDS	252				hypothetical protein
IOEBKPOH_00804	CDS	294				hypothetical protein
IOEBKPOH_00805	CDS	1110	bamB		COG1520	Outer membrane protein assembly factor BamB
IOEBKPOH_00806	CDS	1380	lpd3	1.8.1.4	COG1249	Dihydrolipoyl dehydrogenase 3
IOEBKPOH_00807	CDS	846	xerD_1		COG4974	Tyrosine recombinase XerD
IOEBKPOH_00808	CDS	318				hypothetical protein
IOEBKPOH_00809	CDS	1302				hypothetical protein
IOEBKPOH_00810	CDS	981	trxB	1.8.1.9	COG0492	Thioredoxin reductase
IOEBKPOH_00811	CDS	441	ahpC	1.11.1.15	COG0450	Alkyl hydroperoxide reductase C
IOEBKPOH_00812	CDS	99				hypothetical protein
IOEBKPOH_00813	CDS	873				hypothetical protein
IOEBKPOH_00814	CDS	339				hypothetical protein
IOEBKPOH_00815	CDS	933	ribF		COG0196	Bifunctional riboflavin kinase/FMN adenylyltransferase
IOEBKPOH_00816	CDS	477	lspA	3.4.23.36	COG0597	Lipoprotein signal peptidase
IOEBKPOH_00817	CDS	483				hypothetical protein
IOEBKPOH_00818	CDS	834				hypothetical protein
IOEBKPOH_00819	CDS	1320		3.4.24.-	COG0612	putative zinc protease
IOEBKPOH_00820	CDS	561	purN	2.1.2.2	COG0299	Phosphoribosylglycinamide formyltransferase
IOEBKPOH_00821	CDS	417				hypothetical protein
IOEBKPOH_00822	CDS	531				hypothetical protein
IOEBKPOH_00823	CDS	207				hypothetical protein
IOEBKPOH_00824	CDS	162				hypothetical protein
IOEBKPOH_00825	CDS	294				hypothetical protein
IOEBKPOH_00826	CDS	450	smpB			SsrA-binding protein
IOEBKPOH_00827	CDS	792	lgt	2.5.1.145	COG0682	Phosphatidylglycerol--prolipoprotein diacylglyceryl transferase
IOEBKPOH_00828	CDS	1746	prsD			Type I secretion system ATP-binding protein PrsD
IOEBKPOH_00829	CDS	1461				hypothetical protein
IOEBKPOH_00830	CDS	609				hypothetical protein
IOEBKPOH_00831	CDS	816				hypothetical protein
IOEBKPOH_00832	tRNA	76				tRNA-Arg(ccg)
IOEBKPOH_00833	CDS	483				Single-stranded DNA-binding protein
IOEBKPOH_00834	CDS	495	dapA	4.3.3.7	COG0329	4-hydroxy-tetrahydrodipicolinate synthase
IOEBKPOH_00835	CDS	222				hypothetical protein
IOEBKPOH_00836	CDS	1989	ligA	6.5.1.2		DNA ligase
IOEBKPOH_00837	CDS	831	gltX_3	6.1.1.17		Glutamate--tRNA ligase
IOEBKPOH_00838	CDS	486				hypothetical protein
IOEBKPOH_00839	CDS	3363	dnaE1	2.7.7.7		DNA polymerase III subunit alpha
IOEBKPOH_00840	CDS	774				hypothetical protein
IOEBKPOH_00841	CDS	276				hypothetical protein
IOEBKPOH_00842	CDS	555	rplI		COG0359	50S ribosomal protein L9
IOEBKPOH_00843	tRNA	74				tRNA-Met(cat)
IOEBKPOH_00844	CDS	1257				hypothetical protein
IOEBKPOH_00845	CDS	1197	dapE	3.5.1.18	COG0624	Succinyl-diaminopimelate desuccinylase
IOEBKPOH_00846	CDS	639	nth	4.2.99.18	COG0177	Endonuclease III
IOEBKPOH_00847	CDS	1305				hypothetical protein
IOEBKPOH_00848	CDS	1419	icd	1.1.1.42	COG0473	Isocitrate dehydrogenase [NADP]
IOEBKPOH_00849	CDS	531				hypothetical protein
IOEBKPOH_00850	CDS	477				hypothetical protein
IOEBKPOH_00851	CDS	1404	rho	3.6.4.-	COG1158	Transcription termination factor Rho
IOEBKPOH_00852	CDS	600				hypothetical protein
IOEBKPOH_00853	CDS	1809	surA_1	5.2.1.8		Chaperone SurA
IOEBKPOH_00854	CDS	321				hypothetical protein
IOEBKPOH_00855	CDS	1026	ispB	2.5.1.90	COG0142	Octaprenyl diphosphate synthase
IOEBKPOH_00856	CDS	570	grpE			Protein GrpE
IOEBKPOH_00857	CDS	999	trpS	6.1.1.2	COG0180	Tryptophan--tRNA ligase
IOEBKPOH_00858	CDS	762	rutD	3.5.1.-		Putative aminoacrylate hydrolase RutD
IOEBKPOH_00859	CDS	528				hypothetical protein
IOEBKPOH_00860	CDS	504			COG3385	IS4 family transposase ISWpi18
IOEBKPOH_00861	CDS	381			COG3385	IS4 family transposase ISWpi18
IOEBKPOH_00862	CDS	645				hypothetical protein
IOEBKPOH_00863	CDS	348				hypothetical protein
IOEBKPOH_00864	CDS	1269	proS	6.1.1.15	COG0442	Proline--tRNA ligase
IOEBKPOH_00865	CDS	372	acpS	2.7.8.7	COG0736	Holo-[acyl-carrier-protein] synthase
IOEBKPOH_00866	CDS	1509	mrpA		COG1009	Na(+)/H(+) antiporter subunit A
IOEBKPOH_00867	CDS	558				hypothetical protein
IOEBKPOH_00868	CDS	795				hypothetical protein
IOEBKPOH_00869	CDS	837				hypothetical protein
IOEBKPOH_00870	CDS	588	ywlC	2.7.7.87	COG0009	Threonylcarbamoyl-AMP synthase
IOEBKPOH_00871	CDS	471				hypothetical protein
IOEBKPOH_00872	CDS	537	miaA	2.5.1.75		tRNA dimethylallyltransferase
IOEBKPOH_00873	CDS	831				hypothetical protein
IOEBKPOH_00874	CDS	162				hypothetical protein
IOEBKPOH_00875	CDS	2022	recG	3.6.4.12		ATP-dependent DNA helicase RecG
IOEBKPOH_00876	CDS	288				hypothetical protein
IOEBKPOH_00877	CDS	576				hypothetical protein
IOEBKPOH_00878	tRNA	73				tRNA-Gln(ttg)
IOEBKPOH_00879	CDS	1524				hypothetical protein
IOEBKPOH_00880	CDS	216				hypothetical protein
IOEBKPOH_00881	CDS	1035	hflK		COG0330	Modulator of FtsH protease HflK
IOEBKPOH_00882	CDS	873	hflC		COG0330	Modulator of FtsH protease HflC
IOEBKPOH_00883	CDS	1494	degP	3.4.21.107	COG0265	Periplasmic serine endoprotease DegP
IOEBKPOH_00884	CDS	273				hypothetical protein
IOEBKPOH_00885	CDS	486				hypothetical protein
IOEBKPOH_00886	CDS	1413				hypothetical protein
IOEBKPOH_00887	CDS	195				hypothetical protein
IOEBKPOH_00888	CDS	2460				hypothetical protein
IOEBKPOH_00889	CDS	1914	uvrB		COG0556	UvrABC system protein B
IOEBKPOH_00890	CDS	297			COG3039	IS5 family transposase ISCaa8
IOEBKPOH_00891	CDS	174				hypothetical protein
IOEBKPOH_00892	CDS	273				hypothetical protein
IOEBKPOH_00893	CDS	378				hypothetical protein
IOEBKPOH_00894	CDS	1041				hypothetical protein
IOEBKPOH_00895	CDS	348	thcC			Rhodocoxin
IOEBKPOH_00896	CDS	261	murD_1	6.3.2.9		UDP-N-acetylmuramoylalanine--D-glutamate ligase
IOEBKPOH_00897	CDS	1083	murD_2	6.3.2.9	COG0771	UDP-N-acetylmuramoylalanine--D-glutamate ligase
IOEBKPOH_00898	CDS	192				hypothetical protein
IOEBKPOH_00899	CDS	381				hypothetical protein
IOEBKPOH_00900	CDS	294				hypothetical protein
IOEBKPOH_00901	CDS	549	rsmD	2.1.1.171	COG0742	Ribosomal RNA small subunit methyltransferase D
IOEBKPOH_00902	CDS	666				hypothetical protein
IOEBKPOH_00903	CDS	1692				hypothetical protein
IOEBKPOH_00904	CDS	1941				hypothetical protein
IOEBKPOH_00905	CDS	1035				hypothetical protein
IOEBKPOH_00906	CDS	246				hypothetical protein
IOEBKPOH_00907	CDS	675				hypothetical protein
IOEBKPOH_00908	CDS	207				hypothetical protein
IOEBKPOH_00909	CDS	372				hypothetical protein
IOEBKPOH_00910	CDS	1293				hypothetical protein
IOEBKPOH_00911	CDS	114				hypothetical protein
IOEBKPOH_00912	CDS	828				hypothetical protein
IOEBKPOH_00913	CDS	147				hypothetical protein
IOEBKPOH_00914	CDS	1797				hypothetical protein
IOEBKPOH_00915	CDS	474				hypothetical protein
IOEBKPOH_00916	CDS	2406	virB4_1		COG3451	Type IV secretion system protein virB4
IOEBKPOH_00917	CDS	297				hypothetical protein
IOEBKPOH_00918	CDS	1539	lysS	6.1.1.6	COG1384	Lysine--tRNA ligase
IOEBKPOH_00919	CDS	651	alaS_1	6.1.1.7	COG0013	Alanine--tRNA ligase
IOEBKPOH_00920	CDS	1932	alaS_2	6.1.1.7	COG0013	Alanine--tRNA ligase
IOEBKPOH_00921	CDS	444				hypothetical protein
IOEBKPOH_00922	CDS	207	rpmI		COG0291	50S ribosomal protein L35
IOEBKPOH_00923	CDS	366	rplT			50S ribosomal protein L20
IOEBKPOH_00924	CDS	885	fmt	2.1.2.9	COG0223	Methionyl-tRNA formyltransferase
IOEBKPOH_00925	CDS	1512	purH		COG0138	Bifunctional purine biosynthesis protein PurH
IOEBKPOH_00926	CDS	177				hypothetical protein
IOEBKPOH_00927	tRNA	73				tRNA-Asn(gtt)
IOEBKPOH_00928	CDS	1521	gpmI	5.4.2.12		2,3-bisphosphoglycerate-independent phosphoglycerate mutase
IOEBKPOH_00929	CDS	981	fabD	2.3.1.39	COG0331	Malonyl CoA-acyl carrier protein transacylase
IOEBKPOH_00930	CDS	204	rpmE		COG0254	50S ribosomal protein L31
IOEBKPOH_00931	CDS	795	nadK	2.7.1.23	COG0061	NAD kinase
IOEBKPOH_00932	CDS	1356				hypothetical protein
IOEBKPOH_00933	CDS	165				hypothetical protein
IOEBKPOH_00934	CDS	354				hypothetical protein
IOEBKPOH_00935	CDS	276				hypothetical protein
IOEBKPOH_00936	CDS	381				hypothetical protein
IOEBKPOH_00937	CDS	297				hypothetical protein
IOEBKPOH_00938	tRNA	74				tRNA-Gly(gcc)
IOEBKPOH_00939	CDS	621	rnd_2	3.1.13.5		Ribonuclease D
IOEBKPOH_00940	CDS	327	trxA		COG0526	Thioredoxin
IOEBKPOH_00941	tRNA	77				tRNA-Met(cat)
IOEBKPOH_00942	CDS	660		1.-.-.-	COG5424	putative oxidoreductase CT_610
IOEBKPOH_00943	CDS	210				hypothetical protein
IOEBKPOH_00944	CDS	603				hypothetical protein
IOEBKPOH_00945	CDS	573	folP1	2.5.1.15	COG0294	Dihydropteroate synthase
IOEBKPOH_00946	CDS	480	dfrA	1.5.1.3	COG0262	Dihydrofolate reductase
IOEBKPOH_00947	CDS	738	fbiB	6.3.2.34		Bifunctional F420 biosynthesis protein FbiB
IOEBKPOH_00948	CDS	1344	radA	3.6.4.-	COG1066	DNA repair protein RadA
IOEBKPOH_00949	CDS	912	ftsY		COG0552	Signal recognition particle receptor FtsY
IOEBKPOH_00950	CDS	384	iscU		COG0822	Iron-sulfur cluster assembly scaffold protein IscU
IOEBKPOH_00951	CDS	420	iscA		COG0316	Iron-binding protein IscA
IOEBKPOH_00952	CDS	459	hscB			Co-chaperone protein HscB
IOEBKPOH_00953	CDS	1749	hscA		COG0443	Chaperone protein HscA
IOEBKPOH_00954	CDS	756	lepB	3.4.21.89	COG0681	Signal peptidase I
IOEBKPOH_00955	CDS	888	pyrB	2.1.3.2		Aspartate carbamoyltransferase
IOEBKPOH_00956	CDS	1020	idiA		COG1840	Iron deficiency-induced protein A
IOEBKPOH_00957	CDS	174				hypothetical protein
IOEBKPOH_00958	CDS	189			COG3385	IS4 family transposase ISWosp2
IOEBKPOH_00959	CDS	327				IS110 family transposase ISWpi12
IOEBKPOH_00960	CDS	276				hypothetical protein
IOEBKPOH_00961	CDS	303				IS110 family transposase ISWpi12
IOEBKPOH_00962	CDS	594			COG3385	IS4 family transposase ISWosp2
IOEBKPOH_00963	CDS	102				hypothetical protein
IOEBKPOH_00964	CDS	390				hypothetical protein
IOEBKPOH_00965	CDS	408				hypothetical protein
IOEBKPOH_00966	CDS	261				hypothetical protein
IOEBKPOH_00967	CDS	273	rpsO			30S ribosomal protein S15
IOEBKPOH_00968	CDS	2274	pnp	2.7.7.8	COG1185	Polyribonucleotide nucleotidyltransferase
IOEBKPOH_00969	CDS	387				IS66 family transposase ISWen3
IOEBKPOH_00970	CDS	429				IS630 family transposase ISWpi11
IOEBKPOH_00971	CDS	390				IS630 family transposase ISWpi11
IOEBKPOH_00972	CDS	342			COG3039	IS5 family transposase ISWpi1
IOEBKPOH_00973	CDS	381			COG3039	IS5 family transposase ISWpi1
IOEBKPOH_00974	CDS	393				hypothetical protein
IOEBKPOH_00975	CDS	2799				hypothetical protein
IOEBKPOH_00976	CDS	678				hypothetical protein
IOEBKPOH_00977	CDS	2385	purL_1	6.3.5.3	COG0046	Phosphoribosylformylglycinamidine synthase subunit PurL
IOEBKPOH_00978	CDS	513				hypothetical protein
IOEBKPOH_00979	CDS	2796	uvrA			UvrABC system protein A
IOEBKPOH_00980	CDS	315				hypothetical protein
IOEBKPOH_00981	CDS	342			COG3039	IS5 family transposase ISWpi1
IOEBKPOH_00982	CDS	381			COG3039	IS5 family transposase ISWpi1
IOEBKPOH_00983	CDS	810				hypothetical protein
IOEBKPOH_00984	CDS	1323	murE	6.3.2.13	COG0769	UDP-N-acetylmuramoyl-L-alanyl-D-glutamate--2,6-diaminopimelate ligase
IOEBKPOH_00985	CDS	147				hypothetical protein
IOEBKPOH_00986	CDS	1212	aar	5.1.1.1	COG0626	L-alanine/L-glutamate racemase
IOEBKPOH_00987	CDS	303	bolA		COG0271	DNA-binding transcriptional regulator BolA
IOEBKPOH_00988	CDS	1923	dnaK		COG0443	Chaperone protein DnaK
IOEBKPOH_00989	CDS	876	rne_1	3.1.26.12		Ribonuclease E
IOEBKPOH_00990	CDS	852	rne_2	3.1.26.12	COG1530	Ribonuclease E
IOEBKPOH_00991	CDS	201	rpmG		COG0267	50S ribosomal protein L33
IOEBKPOH_00992	CDS	276				hypothetical protein
IOEBKPOH_00993	CDS	261				hypothetical protein
IOEBKPOH_00994	CDS	381			COG3039	IS5 family transposase ISWpi1
IOEBKPOH_00995	CDS	342			COG3039	IS5 family transposase ISWpi1
IOEBKPOH_00996	CDS	393				hypothetical protein
IOEBKPOH_00997	CDS	702	znuA		COG4531	High-affinity zinc uptake system protein ZnuA
IOEBKPOH_00998	CDS	741	znuC	7.2.2.-	COG1121	Zinc import ATP-binding protein ZnuC
IOEBKPOH_00999	CDS	1431	ubiB	2.7.-.-	COG0661	putative protein kinase UbiB
IOEBKPOH_01000	CDS	336				hypothetical protein
IOEBKPOH_01001	CDS	348				hypothetical protein
IOEBKPOH_01002	CDS	1614				hypothetical protein
IOEBKPOH_01003	CDS	189			COG3385	IS4 family transposase ISWosp2
IOEBKPOH_01004	CDS	327				IS110 family transposase ISWpi12
IOEBKPOH_01005	CDS	276				hypothetical protein
IOEBKPOH_01006	CDS	303				IS110 family transposase ISWpi12
IOEBKPOH_01007	CDS	594			COG3385	IS4 family transposase ISWosp2
IOEBKPOH_01008	CDS	102				hypothetical protein
IOEBKPOH_01009	CDS	390				hypothetical protein
IOEBKPOH_01010	CDS	408				hypothetical protein
IOEBKPOH_01011	CDS	978		1.3.1.103		2-haloacrylate reductase
IOEBKPOH_01012	CDS	537	ctaG		COG3175	Cytochrome c oxidase assembly protein CtaG
IOEBKPOH_01013	CDS	723	ybhL		COG0670	Inner membrane protein YbhL
IOEBKPOH_01014	CDS	765		2.1.1.-		Putative TrmH family tRNA/rRNA methyltransferase
IOEBKPOH_01015	CDS	177				hypothetical protein
IOEBKPOH_01016	CDS	270				hypothetical protein
IOEBKPOH_01017	CDS	1035	asd2	1.2.1.11	COG0136	Aspartate-semialdehyde dehydrogenase 2
IOEBKPOH_01018	CDS	453				hypothetical protein
IOEBKPOH_01019	CDS	270				hypothetical protein
IOEBKPOH_01020	CDS	654				IS110 family transposase ISOt5
IOEBKPOH_01021	CDS	1275	adiC		COG0531	Arginine/agmatine antiporter
IOEBKPOH_01022	CDS	252				hypothetical protein
IOEBKPOH_01023	CDS	1131				hypothetical protein
IOEBKPOH_01024	CDS	1233	lysC	2.7.2.4	COG0527	Aspartokinase
IOEBKPOH_01025	CDS	204				hypothetical protein
IOEBKPOH_01026	CDS	129				hypothetical protein
IOEBKPOH_01027	CDS	222				hypothetical protein
IOEBKPOH_01028	CDS	144				hypothetical protein
IOEBKPOH_01029	CDS	1917	pcrA	3.6.4.12		ATP-dependent DNA helicase PcrA
IOEBKPOH_01030	CDS	429				hypothetical protein
IOEBKPOH_01031	CDS	588	nuoJ	7.1.1.-	COG0839	NADH-quinone oxidoreductase subunit J
IOEBKPOH_01032	CDS	309	nuoK	7.1.1.-	COG0713	NADH-quinone oxidoreductase subunit K
IOEBKPOH_01033	CDS	1848	nuoL	7.1.1.-	COG1009	NADH-quinone oxidoreductase subunit L
IOEBKPOH_01034	CDS	1443	nuoM	7.1.1.-	COG1008	NADH-quinone oxidoreductase subunit M
IOEBKPOH_01035	CDS	1353	nuoN	7.1.1.-	COG1007	NADH-quinone oxidoreductase subunit N
IOEBKPOH_01036	CDS	510	birA	6.3.4.15		Bifunctional ligase/repressor BirA
IOEBKPOH_01037	CDS	138				hypothetical protein
IOEBKPOH_01038	CDS	393	ccmE		COG2332	Cytochrome c-type biogenesis protein CcmE
IOEBKPOH_01039	CDS	375				hypothetical protein
IOEBKPOH_01040	CDS	486				hypothetical protein
IOEBKPOH_01041	CDS	297				hypothetical protein
IOEBKPOH_01042	CDS	312				hypothetical protein
IOEBKPOH_01043	CDS	309				hypothetical protein
IOEBKPOH_01044	CDS	354				hypothetical protein
IOEBKPOH_01045	tRNA	76				tRNA-Ala(tgc)
IOEBKPOH_01046	tRNA	74				tRNA-Lys(ttt)
IOEBKPOH_01047	CDS	1254	nuoF	7.1.1.-		NADH-quinone oxidoreductase subunit F
IOEBKPOH_01048	CDS	519	infC			Translation initiation factor IF-3
IOEBKPOH_01049	CDS	1923	thrS	6.1.1.3	COG0441	Threonine--tRNA ligase
IOEBKPOH_01050	CDS	510	nuoI	7.1.1.-	COG1143	NADH-quinone oxidoreductase subunit I
IOEBKPOH_01051	CDS	921	mnmE_1	3.6.-.-	COG0486	tRNA modification GTPase MnmE
IOEBKPOH_01052	CDS	258	mnmE_2	3.6.-.-		tRNA modification GTPase MnmE
IOEBKPOH_01053	tRNA	89				tRNA-Ser(tga)
IOEBKPOH_01054	CDS	1017		1.18.1.2	COG0492	Ferredoxin--NADP reductase
IOEBKPOH_01055	CDS	177				hypothetical protein
IOEBKPOH_01056	CDS	957	fabH	2.3.1.180	COG0332	3-oxoacyl-[acyl-carrier-protein] synthase 3
IOEBKPOH_01057	CDS	1098	plsX	2.3.1.274	COG0416	Phosphate acyltransferase
IOEBKPOH_01058	CDS	183	rpmF		COG0333	50S ribosomal protein L32
IOEBKPOH_01059	CDS	735	mlaE		COG0767	Intermembrane phospholipid transport system permease protein MlaE
IOEBKPOH_01060	CDS	702	mkl		COG1127	putative ribonucleotide transport ATP-binding protein mkl
IOEBKPOH_01061	CDS	498				hypothetical protein
IOEBKPOH_01062	CDS	1164	dxr	1.1.1.267		1-deoxy-D-xylulose 5-phosphate reductoisomerase
IOEBKPOH_01063	CDS	444				hypothetical protein
IOEBKPOH_01064	CDS	1548				hypothetical protein
IOEBKPOH_01065	CDS	801				hypothetical protein
IOEBKPOH_01066	CDS	771	iscS_1	2.8.1.7	COG1104	Cysteine desulfurase IscS
IOEBKPOH_01067	CDS	432	iscS_2	2.8.1.7	COG1104	Cysteine desulfurase IscS
IOEBKPOH_01068	CDS	1419	tldD	3.4.-.-	COG0312	Metalloprotease TldD
IOEBKPOH_01069	tRNA	86				tRNA-Leu(cag)
IOEBKPOH_01070	CDS	498				hypothetical protein
IOEBKPOH_01071	CDS	708				hypothetical protein
IOEBKPOH_01072	CDS	783	xthA	3.1.11.2	COG0708	Exodeoxyribonuclease III
IOEBKPOH_01073	CDS	969				hypothetical protein
IOEBKPOH_01074	CDS	2577	polA	2.7.7.7		DNA polymerase I, thermostable
IOEBKPOH_01075	CDS	165				hypothetical protein
IOEBKPOH_01076	CDS	162				hypothetical protein
IOEBKPOH_01077	CDS	198				hypothetical protein
IOEBKPOH_01078	CDS	303				hypothetical protein
IOEBKPOH_01079	CDS	807				hypothetical protein
IOEBKPOH_01080	CDS	645	estB	3.1.1.1	COG0400	Carboxylesterase 2
IOEBKPOH_01081	CDS	351				hypothetical protein
IOEBKPOH_01082	CDS	1167				hypothetical protein
IOEBKPOH_01083	CDS	396				hypothetical protein
IOEBKPOH_01084	CDS	561	mnmG_1		COG0445	tRNA uridine 5-carboxymethylaminomethyl modification enzyme MnmG
IOEBKPOH_01085	CDS	1263	mnmG_2		COG0445	tRNA uridine 5-carboxymethylaminomethyl modification enzyme MnmG
IOEBKPOH_01086	tRNA	76				tRNA-His(gtg)
IOEBKPOH_01087	CDS	324				hypothetical protein
IOEBKPOH_01088	CDS	1176	murJ		COG0728	putative lipid II flippase MurJ
IOEBKPOH_01089	CDS	2544				hypothetical protein
IOEBKPOH_01090	CDS	1194				hypothetical protein
IOEBKPOH_01091	CDS	234				hypothetical protein
IOEBKPOH_01092	CDS	618	lipB	2.3.1.181		Octanoyltransferase
IOEBKPOH_01093	CDS	978	ykfA	3.4.16.-	COG1619	putative murein peptide carboxypeptidase
IOEBKPOH_01094	CDS	1464				hypothetical protein
IOEBKPOH_01095	CDS	798	purL_2	6.3.5.3	COG0046	Phosphoribosylformylglycinamidine synthase
IOEBKPOH_01096	CDS	1251				hypothetical protein
IOEBKPOH_01097	CDS	378	rplS		COG0335	50S ribosomal protein L19
IOEBKPOH_01098	CDS	711	trmD	2.1.1.228	COG0336	tRNA (guanine-N(1)-)-methyltransferase
IOEBKPOH_01099	CDS	723	purC	6.3.2.6	COG0152	Phosphoribosylaminoimidazole-succinocarboxamide synthase
IOEBKPOH_01100	CDS	1038	purM	6.3.3.1		Phosphoribosylformylglycinamidine cyclo-ligase
IOEBKPOH_01101	CDS	294				hypothetical protein
IOEBKPOH_01102	CDS	213				hypothetical protein
IOEBKPOH_01103	CDS	717	tlyC		COG1253	Hemolysin C
IOEBKPOH_01104	CDS	510	hemE	4.1.1.37	COG0407	Uroporphyrinogen decarboxylase
IOEBKPOH_01105	CDS	1194	aatA	2.6.1.1	COG0436	Aspartate/prephenate aminotransferase
IOEBKPOH_01106	CDS	489				hypothetical protein
IOEBKPOH_01107	CDS	162				hypothetical protein
IOEBKPOH_01108	CDS	687				hypothetical protein
IOEBKPOH_01109	CDS	372				hypothetical protein
IOEBKPOH_01110	CDS	1230				hypothetical protein
IOEBKPOH_01111	CDS	561				hypothetical protein
IOEBKPOH_01112	CDS	1833	glyA	2.1.2.1		Serine hydroxymethyltransferase
IOEBKPOH_01113	CDS	1425				hypothetical protein
IOEBKPOH_01114	CDS	456				hypothetical protein
IOEBKPOH_01115	CDS	2883				hypothetical protein
IOEBKPOH_01116	tRNA	74				tRNA-Val(gac)
IOEBKPOH_01117	CDS	1659				hypothetical protein
IOEBKPOH_01118	CDS	579	plsY	2.3.1.275	COG0344	Glycerol-3-phosphate acyltransferase
IOEBKPOH_01119	CDS	1467	alsT_2		COG1115	Amino-acid carrier protein AlsT
IOEBKPOH_01120	CDS	1344	alsT_3		COG1115	Amino-acid carrier protein AlsT
IOEBKPOH_01121	CDS	813				hypothetical protein
IOEBKPOH_01122	CDS	693	psd	4.1.1.65	COG0688	Phosphatidylserine decarboxylase proenzyme
IOEBKPOH_01123	CDS	1068	recA			Protein RecA
IOEBKPOH_01124	CDS	1044				hypothetical protein
IOEBKPOH_01125	CDS	1290	fpgS	6.3.2.17		Folylpolyglutamate synthase
IOEBKPOH_01126	CDS	591				hypothetical protein
IOEBKPOH_01127	CDS	492	pasT		COG2867	Persistence and stress-resistance toxin PasT
IOEBKPOH_01128	CDS	705				hypothetical protein
IOEBKPOH_01129	CDS	279				hypothetical protein
IOEBKPOH_01130	CDS	678	trmR	2.1.1.-		tRNA 5-hydroxyuridine methyltransferase
IOEBKPOH_01131	CDS	654	fzlA			FtsZ-localized protein A
IOEBKPOH_01132	CDS	402				hypothetical protein
IOEBKPOH_01133	CDS	1602	ruvB_1	3.6.4.12		Holliday junction ATP-dependent DNA helicase RuvB
IOEBKPOH_01134	CDS	333	ybaB		COG0718	Nucleoid-associated protein YbaB
IOEBKPOH_01135	CDS	714				hypothetical protein
IOEBKPOH_01136	CDS	894	rpoH		COG0568	RNA polymerase sigma factor RpoH
IOEBKPOH_01137	CDS	498				hypothetical protein
IOEBKPOH_01138	CDS	1158	dnaN			Beta sliding clamp
IOEBKPOH_01139	CDS	738	truA	5.4.99.12	COG0101	tRNA pseudouridine synthase A
IOEBKPOH_01140	CDS	153				hypothetical protein
IOEBKPOH_01141	CDS	1107				hypothetical protein
IOEBKPOH_01142	CDS	1230	petB		COG1290	Cytochrome b
IOEBKPOH_01143	CDS	171				hypothetical protein
IOEBKPOH_01144	CDS	1530				hypothetical protein
IOEBKPOH_01145	CDS	360				hypothetical protein
IOEBKPOH_01146	CDS	576	nfuA			Fe/S biogenesis protein NfuA
IOEBKPOH_01147	CDS	1311	hisS	6.1.1.21	COG0124	Histidine--tRNA ligase
IOEBKPOH_01148	CDS	579	surE	3.1.3.5	COG0496	5'-nucleotidase SurE
IOEBKPOH_01149	CDS	1344	ffh		COG0541	Signal recognition particle protein
IOEBKPOH_01150	CDS	1560	ndhB	7.1.1.-		NAD(P)H-quinone oxidoreductase subunit 2, chloroplastic
IOEBKPOH_01151	CDS	2883				hypothetical protein
IOEBKPOH_01152	CDS	432	fabZ	4.2.1.59	COG0764	3-hydroxyacyl-[acyl-carrier-protein] dehydratase FabZ
IOEBKPOH_01153	CDS	552				hypothetical protein
IOEBKPOH_01154	CDS	312	bamA_1			Outer membrane protein assembly factor BamA
IOEBKPOH_01155	CDS	1794	bamA_2		COG4775	Outer membrane protein assembly factor BamA
IOEBKPOH_01156	CDS	1041	mmpA	3.4.24.-	COG0750	Metalloprotease MmpA
IOEBKPOH_01157	CDS	279				hypothetical protein
IOEBKPOH_01158	CDS	327				hypothetical protein
IOEBKPOH_01159	CDS	279	ihfB		COG0776	Integration host factor subunit beta
IOEBKPOH_01160	CDS	1653	rpsA		COG0539	30S ribosomal protein S1
IOEBKPOH_01161	CDS	666	trmB	2.1.1.33		tRNA (guanine-N(7)-)-methyltransferase
IOEBKPOH_01162	CDS	648				hypothetical protein
IOEBKPOH_01163	CDS	393	dksA		COG1734	RNA polymerase-binding transcription factor DksA
IOEBKPOH_01164	CDS	285			COG3385	IS4 family transposase ISWosp8
IOEBKPOH_01165	CDS	282			COG3385	IS4 family transposase ISWosp8
IOEBKPOH_01166	CDS	210				hypothetical protein
IOEBKPOH_01167	CDS	1326	der			GTPase Der
IOEBKPOH_01168	CDS	522	dsbB			Disulfide bond formation protein B
IOEBKPOH_01169	CDS	543	coq7	1.14.99.60	COG2941	3-demethoxyubiquinol 3-hydroxylase
IOEBKPOH_01170	CDS	981	mraY	2.7.8.13	COG0472	Phospho-N-acetylmuramoyl-pentapeptide-transferase
IOEBKPOH_01171	CDS	597	rnhB	3.1.26.4	COG0164	Ribonuclease HII
IOEBKPOH_01172	CDS	660	virB9_2			Type IV secretion system protein virB9
IOEBKPOH_01173	CDS	456				hypothetical protein
IOEBKPOH_01174	CDS	315				hypothetical protein
IOEBKPOH_01175	CDS	1467	mrpD		COG0651	Na(+)/H(+) antiporter subunit D
IOEBKPOH_01176	CDS	1068	mrdB	2.4.1.129	COG0772	Peptidoglycan glycosyltransferase MrdB
IOEBKPOH_01177	CDS	1299	purF	2.4.2.14	COG0034	Amidophosphoribosyltransferase
IOEBKPOH_01178	CDS	543		3.2.2.-	COG2094	Putative 3-methyladenine DNA glycosylase
IOEBKPOH_01179	CDS	918				hypothetical protein
IOEBKPOH_01180	CDS	981	ruvB_2	3.6.4.12	COG2255	Holliday junction ATP-dependent DNA helicase RuvB
IOEBKPOH_01181	CDS	510	ruvA	3.6.4.12	COG0632	Holliday junction ATP-dependent DNA helicase RuvA
IOEBKPOH_01182	CDS	435				hypothetical protein
IOEBKPOH_01183	CDS	201				hypothetical protein
IOEBKPOH_01184	CDS	345				hypothetical protein
IOEBKPOH_01185	CDS	1251	tyrS	6.1.1.1	COG0162	Tyrosine--tRNA ligase
IOEBKPOH_01186	CDS	318	rsfS			Ribosomal silencing factor RsfS
IOEBKPOH_01187	CDS	621				hypothetical protein
IOEBKPOH_01188	CDS	489	rppH	3.6.1.-	COG0494	RNA pyrophosphohydrolase
IOEBKPOH_01189	CDS	768	ycfH	3.1.-.-	COG0084	putative metal-dependent hydrolase YcfH
IOEBKPOH_01190	CDS	951	mdh	1.1.1.37	COG0039	Malate dehydrogenase
IOEBKPOH_01191	CDS	573	nqo5	7.1.1.-	COG0852	NADH-quinone oxidoreductase chain 5
IOEBKPOH_01192	CDS	507	nuoB	7.1.1.-	COG0377	NADH-quinone oxidoreductase subunit B
IOEBKPOH_01193	CDS	354	ndhC	7.1.1.-		NAD(P)H-quinone oxidoreductase subunit 3
IOEBKPOH_01194	CDS	369		3.9.1.-	COG0537	Purine nucleoside phosphoramidase
IOEBKPOH_01195	CDS	225				hypothetical protein
IOEBKPOH_01196	CDS	228				hypothetical protein
IOEBKPOH_01197	CDS	354				hypothetical protein
IOEBKPOH_01198	CDS	918	murF_1	6.3.2.10		UDP-N-acetylmuramoyl-tripeptide--D-alanyl-D-alanine ligase
IOEBKPOH_01199	CDS	396	murF_2	6.3.2.10		UDP-N-acetylmuramoyl-tripeptide--D-alanyl-D-alanine ligase
IOEBKPOH_01200	CDS	207	murF_3	6.3.2.10		UDP-N-acetylmuramoyl-tripeptide--D-alanyl-D-alanine ligase
IOEBKPOH_01201	CDS	951				hypothetical protein
IOEBKPOH_01202	tRNA	76				tRNA-Arg(tct)
IOEBKPOH_01203	CDS	513				hypothetical protein
IOEBKPOH_01204	CDS	888				hypothetical protein
IOEBKPOH_01205	CDS	1785	topA_1	5.6.2.1		DNA topoisomerase 1
IOEBKPOH_01206	CDS	630	topA_2	5.6.2.1	COG0550	DNA topoisomerase 1
IOEBKPOH_01207	CDS	828				hypothetical protein
IOEBKPOH_01208	CDS	1599				hypothetical protein
IOEBKPOH_01209	CDS	771				hypothetical protein
IOEBKPOH_01210	CDS	1548				hypothetical protein
IOEBKPOH_01211	CDS	444				hypothetical protein
IOEBKPOH_01212	CDS	402	apaG		COG2967	Protein ApaG
IOEBKPOH_01213	CDS	1068	purK	6.3.4.18		N5-carboxyaminoimidazole ribonucleotide synthase
IOEBKPOH_01214	CDS	1194	ispDF		COG0245	Bifunctional enzyme IspD/IspF
IOEBKPOH_01215	CDS	1065				hypothetical protein
IOEBKPOH_01216	CDS	636	dnaA_2		COG0593	Chromosomal replication initiator protein DnaA
IOEBKPOH_01217	CDS	171				hypothetical protein
IOEBKPOH_01218	CDS	987	xerD_2		COG4974	Tyrosine recombinase XerD
IOEBKPOH_01219	CDS	726				hypothetical protein
IOEBKPOH_01220	CDS	270	rpsT		COG0268	30S ribosomal protein S20
IOEBKPOH_01221	CDS	1251	gltA	2.3.3.16	COG0372	Citrate synthase
IOEBKPOH_01222	CDS	282			COG3385	IS4 family transposase ISWosp8
IOEBKPOH_01223	CDS	285			COG3385	IS4 family transposase ISWosp8
IOEBKPOH_01224	CDS	357				hypothetical protein
IOEBKPOH_01225	CDS	303				hypothetical protein
IOEBKPOH_01226	CDS	1527	pccB	6.4.1.3	COG4799	Propionyl-CoA carboxylase beta chain
IOEBKPOH_01227	tRNA	74				tRNA-Thr(ggt)
IOEBKPOH_01228	CDS	1050	mutM	4.2.99.18		Formamidopyrimidine-DNA glycosylase
IOEBKPOH_01229	CDS	651	pdxH	1.4.3.5	COG0259	Pyridoxine/pyridoxamine 5'-phosphate oxidase
IOEBKPOH_01230	tRNA	77				tRNA-Met(cat)
IOEBKPOH_01231	CDS	363				hypothetical protein
IOEBKPOH_01232	CDS	834				hypothetical protein
IOEBKPOH_01233	CDS	951	rluD	5.4.99.23	COG0564	Ribosomal large subunit pseudouridine synthase D
IOEBKPOH_01234	CDS	357	dgkA	2.7.1.107	COG0818	Diacylglycerol kinase
IOEBKPOH_01235	CDS	189				hypothetical protein
IOEBKPOH_01236	CDS	330				hypothetical protein
IOEBKPOH_01237	CDS	300				hypothetical protein
IOEBKPOH_01238	CDS	1200	pgk	2.7.2.3	COG0126	Phosphoglycerate kinase
IOEBKPOH_01239	CDS	522	yceJ		COG3038	Cytochrome b561 
IOEBKPOH_01240	CDS	1029		1.6.5.11	COG2070	NADH:quinone reductase
IOEBKPOH_01241	CDS	837				hypothetical protein
IOEBKPOH_01242	CDS	171				hypothetical protein
IOEBKPOH_01243	CDS	375				hypothetical protein
IOEBKPOH_01244	CDS	2355	virB4_2		COG3451	Type IV secretion system protein virB4
IOEBKPOH_01245	CDS	765				hypothetical protein
IOEBKPOH_01246	CDS	273				hypothetical protein
IOEBKPOH_01247	CDS	417				hypothetical protein
IOEBKPOH_01248	CDS	336				hypothetical protein
IOEBKPOH_01249	CDS	819				hypothetical protein
IOEBKPOH_01250	CDS	486				hypothetical protein
IOEBKPOH_01251	CDS	492				hypothetical protein
IOEBKPOH_01252	CDS	294				hypothetical protein
IOEBKPOH_01253	CDS	939	pdhC	2.3.1.12		Dihydrolipoyllysine-residue acetyltransferase component of pyruvate dehydrogenase complex
IOEBKPOH_01254	CDS	825				hypothetical protein
IOEBKPOH_01255	CDS	1830	recR			Recombination protein RecR
IOEBKPOH_01256	CDS	420	ndk	2.7.4.6	COG0105	Nucleoside diphosphate kinase
IOEBKPOH_01257	CDS	1425	hemH_1	4.99.1.1		Ferrochelatase
IOEBKPOH_01258	CDS	240	hemH_2	4.99.1.1	COG0276	Ferrochelatase
IOEBKPOH_01259	CDS	318				hypothetical protein
IOEBKPOH_01260	CDS	444				hypothetical protein
IOEBKPOH_01261	CDS	1161				hypothetical protein
IOEBKPOH_01262	CDS	531	hslV	3.4.25.2	COG5405	ATP-dependent protease subunit HslV
IOEBKPOH_01263	CDS	1095	hslU_1		COG1220	ATP-dependent protease ATPase subunit HslU
IOEBKPOH_01264	CDS	345	hslU_2		COG1220	ATP-dependent protease ATPase subunit HslU
IOEBKPOH_01265	CDS	924				hypothetical protein
IOEBKPOH_01266	CDS	1008				hypothetical protein
IOEBKPOH_01267	CDS	336	acpP			Acyl carrier protein
IOEBKPOH_01268	CDS	1272	fabF	2.3.1.179	COG0304	3-oxoacyl-[acyl-carrier-protein] synthase 2
IOEBKPOH_01269	CDS	837				hypothetical protein
IOEBKPOH_01270	CDS	1278	murA	2.5.1.7	COG0766	UDP-N-acetylglucosamine 1-carboxyvinyltransferase
IOEBKPOH_01271	CDS	855	thyX	2.1.1.148	COG1351	Flavin-dependent thymidylate synthase
IOEBKPOH_01272	CDS	1785				hypothetical protein
IOEBKPOH_01273	CDS	828	priA_1	3.6.4.-		primosomal protein N'
IOEBKPOH_01274	CDS	1509	priA_2	3.6.4.-	COG1198	Primosomal protein N'
IOEBKPOH_01275	CDS	600	petA	7.1.1.8	COG0723	Ubiquinol-cytochrome c reductase iron-sulfur subunit
IOEBKPOH_01276	CDS	2703	gyrA	5.6.2.2	COG0188	DNA gyrase subunit A
IOEBKPOH_01277	CDS	261				hypothetical protein
IOEBKPOH_01278	CDS	582				hypothetical protein
IOEBKPOH_01279	CDS	327				hypothetical protein
IOEBKPOH_01280	CDS	528	bioY		COG1268	Biotin transporter BioY
IOEBKPOH_01281	CDS	588				hypothetical protein
IOEBKPOH_01282	CDS	792	dapF	5.1.1.7	COG0253	Diaminopimelate epimerase
IOEBKPOH_01283	CDS	876	sucD	6.2.1.5	COG0074	Succinate--CoA ligase [ADP-forming] subunit alpha
IOEBKPOH_01284	CDS	1152	sucC	6.2.1.5	COG0045	Succinate--CoA ligase [ADP-forming] subunit beta
IOEBKPOH_01285	CDS	201				hypothetical protein
IOEBKPOH_01286	tRNA	76				tRNA-Pro(tgg)
IOEBKPOH_01287	CDS	687	rsmE	2.1.1.193	COG1385	Ribosomal RNA small subunit methyltransferase E
IOEBKPOH_01288	tRNA	73				tRNA-Glu(ttc)
IOEBKPOH_01289	CDS	294				hypothetical protein
IOEBKPOH_01290	CDS	441				hypothetical protein
IOEBKPOH_01291	CDS	246				hypothetical protein
IOEBKPOH_01292	CDS	849	hemF	1.3.3.3		Oxygen-dependent coproporphyrinogen-III oxidase
IOEBKPOH_01293	CDS	2544	rcsC_1	2.7.13.3		Sensor histidine kinase RcsC
IOEBKPOH_01294	CDS	843	parA			Chromosome partitioning protein ParA
IOEBKPOH_01295	CDS	852	parB		COG1475	putative chromosome-partitioning protein ParB
IOEBKPOH_01296	CDS	549				hypothetical protein
IOEBKPOH_01297	rRNA	1501				16S ribosomal RNA
IOEBKPOH_01298	CDS	378				hypothetical protein
IOEBKPOH_01299	CDS	357				hypothetical protein
IOEBKPOH_01300	CDS	1239				hypothetical protein
IOEBKPOH_01301	CDS	582	algA_1		COG0662	Alginate biosynthesis protein AlgA
IOEBKPOH_01302	CDS	381			COG3039	IS5 family transposase ISWpi1
IOEBKPOH_01303	CDS	342			COG3039	IS5 family transposase ISWpi1
IOEBKPOH_01304	CDS	774	algA_2		COG0662	Alginate biosynthesis protein AlgA
IOEBKPOH_01305	CDS	1209				hypothetical protein
IOEBKPOH_01306	CDS	114				hypothetical protein
IOEBKPOH_01307	CDS	1230	lolE		COG4591	Lipoprotein-releasing system transmembrane protein LolE
IOEBKPOH_01308	CDS	732				hypothetical protein
IOEBKPOH_01309	CDS	1221				hypothetical protein
IOEBKPOH_01310	CDS	873	atpG		COG0224	ATP synthase gamma chain
IOEBKPOH_01311	CDS	1335	pmbA	3.4.-.-	COG0312	Metalloprotease PmbA
IOEBKPOH_01312	CDS	252	cspA		COG1278	Cold shock protein CspA
IOEBKPOH_01313	CDS	1209	cshA	3.6.4.13	COG0513	DEAD-box ATP-dependent RNA helicase CshA
IOEBKPOH_01314	CDS	2307	clpA		COG0542	ATP-dependent Clp protease ATP-binding subunit ClpA
IOEBKPOH_01315	CDS	897	fbaB	4.1.2.13	COG1830	Fructose-bisphosphate aldolase class 1
IOEBKPOH_01316	tRNA	73				tRNA-Cys(gca)
IOEBKPOH_01317	CDS	1068	pyrD	1.3.5.2	COG0167	Dihydroorotate dehydrogenase (quinone)
IOEBKPOH_01318	CDS	708	rnc	3.1.26.3		Ribonuclease 3
IOEBKPOH_01319	CDS	543				hypothetical protein
IOEBKPOH_01320	CDS	501	pld	3.1.4.4		Phospholipase D
IOEBKPOH_01321	CDS	825				hypothetical protein
IOEBKPOH_01322	CDS	636	gph	3.1.3.18	COG0546	Phosphoglycolate phosphatase
IOEBKPOH_01323	CDS	498				hypothetical protein
IOEBKPOH_01324	CDS	477	bfr	1.16.3.1	COG2193	Bacterioferritin
IOEBKPOH_01325	CDS	510				hypothetical protein
IOEBKPOH_01326	CDS	1719	kefC		COG0475	Glutathione-regulated potassium-efflux system protein KefC
IOEBKPOH_01327	CDS	573				hypothetical protein
IOEBKPOH_01328	CDS	648	tmk	2.7.4.9	COG0125	Thymidylate kinase
IOEBKPOH_01329	CDS	594				hypothetical protein
IOEBKPOH_01330	CDS	1848	ftsH_3	3.4.24.-		ATP-dependent zinc metalloprotease FtsH
IOEBKPOH_01331	CDS	1296	tilS	6.3.4.19		tRNA(Ile)-lysidine synthase
IOEBKPOH_01332	CDS	480	pal			Peptidoglycan-associated lipoprotein
IOEBKPOH_01333	CDS	912				hypothetical protein
IOEBKPOH_01334	CDS	492		3.4.17.19	COG2317	Thermostable carboxypeptidase 1
IOEBKPOH_01335	CDS	1077	mreB			Cell shape-determining protein MreB
IOEBKPOH_01336	CDS	1113	mnmA	2.8.1.13	COG0482	tRNA-specific 2-thiouridylase MnmA
IOEBKPOH_01337	CDS	351				hypothetical protein
IOEBKPOH_01338	CDS	612				hypothetical protein
IOEBKPOH_01339	CDS	507	ppa	3.6.1.1	COG0221	Inorganic pyrophosphatase
IOEBKPOH_01340	tRNA	93				tRNA-Ser(gct)
IOEBKPOH_01341	CDS	1215	surA_2	5.2.1.8		Chaperone SurA
IOEBKPOH_01342	CDS	609				hypothetical protein
IOEBKPOH_01343	CDS	552		6.3.3.2	COG0212	5-formyltetrahydrofolate cyclo-ligase
IOEBKPOH_01344	CDS	99				hypothetical protein
IOEBKPOH_01345	CDS	819				hypothetical protein
IOEBKPOH_01346	CDS	147				hypothetical protein
IOEBKPOH_01347	CDS	756				hypothetical protein
IOEBKPOH_01348	CDS	309				hypothetical protein
IOEBKPOH_01349	CDS	1548	ftsI	3.4.16.4		putative peptidoglycan D,D-transpeptidase FtsI
IOEBKPOH_01350	CDS	930	ispH	1.17.7.4	COG0761	4-hydroxy-3-methylbut-2-enyl diphosphate reductase
IOEBKPOH_01351	CDS	1896	htpG		COG0326	Chaperone protein HtpG
IOEBKPOH_01352	CDS	2766				hypothetical protein
IOEBKPOH_01353	CDS	1209	hemA	2.3.1.37	COG0156	5-aminolevulinate synthase
IOEBKPOH_01354	CDS	696	suhB	3.1.3.25	COG0483	Inositol-1-monophosphatase
IOEBKPOH_01355	CDS	567	efp			Elongation factor P
IOEBKPOH_01356	CDS	510	rimM		COG0806	Ribosome maturation factor RimM
IOEBKPOH_01357	CDS	1212	argD_2	2.6.1.11	COG4992	Acetylornithine aminotransferase
IOEBKPOH_01358	CDS	1428	rcsC_2	2.7.13.3		Sensor histidine kinase RcsC
IOEBKPOH_01359	CDS	468	bcp	1.11.1.15	COG1225	Putative peroxiredoxin bcp
IOEBKPOH_01360	CDS	1098	recF		COG1195	DNA replication and repair protein RecF
IOEBKPOH_01361	CDS	171				hypothetical protein
IOEBKPOH_01362	CDS	180				hypothetical protein
IOEBKPOH_01363	CDS	354				hypothetical protein
IOEBKPOH_01364	CDS	270				hypothetical protein
IOEBKPOH_01365	CDS	816				hypothetical protein
IOEBKPOH_01366	CDS	756				hypothetical protein
IOEBKPOH_01367	CDS	3456	carB	6.3.5.5	COG0458	Carbamoyl-phosphate synthase large chain
IOEBKPOH_01368	CDS	261				hypothetical protein
IOEBKPOH_01369	CDS	384				hypothetical protein
IOEBKPOH_01370	CDS	264				hypothetical protein
IOEBKPOH_01371	CDS	159				hypothetical protein
IOEBKPOH_01372	CDS	1926	rpoD		COG0568	RNA polymerase sigma factor RpoD
IOEBKPOH_01373	CDS	312	mnhC1		COG1006	Na(+)/H(+) antiporter subunit C1
IOEBKPOH_01374	CDS	420				hypothetical protein
IOEBKPOH_01375	CDS	528				hypothetical protein
IOEBKPOH_01376	CDS	288				hypothetical protein
IOEBKPOH_01377	CDS	210				hypothetical protein
IOEBKPOH_01378	CDS	408	rpoZ	2.7.7.6		DNA-directed RNA polymerase subunit omega
IOEBKPOH_01379	CDS	297				hypothetical protein
IOEBKPOH_01380	CDS	486	purE	5.4.99.18	COG0041	N5-carboxyaminoimidazole ribonucleotide mutase
IOEBKPOH_01381	CDS	1827	mutL_2			DNA mismatch repair protein MutL
IOEBKPOH_01382	CDS	180				hypothetical protein
IOEBKPOH_01383	CDS	2274	sucA	1.2.4.2	COG0567	2-oxoglutarate dehydrogenase E1 component
IOEBKPOH_01384	CDS	789				hypothetical protein
IOEBKPOH_01385	CDS	594				hypothetical protein
IOEBKPOH_01386	CDS	759				hypothetical protein
IOEBKPOH_01387	CDS	153				hypothetical protein
IOEBKPOH_01388	CDS	1080				hypothetical protein
IOEBKPOH_01389	CDS	1479	ubiD	4.1.1.98	COG0043	3-octaprenyl-4-hydroxybenzoate carboxy-lyase
IOEBKPOH_01390	CDS	177				hypothetical protein
IOEBKPOH_01391	CDS	225				hypothetical protein
IOEBKPOH_01392	CDS	858	ubiA	2.5.1.39	COG0382	4-hydroxybenzoate octaprenyltransferase
IOEBKPOH_01393	CDS	399	rbfA			Ribosome-binding factor A
IOEBKPOH_01394	CDS	2325	infB			Translation initiation factor IF-2
IOEBKPOH_01395	CDS	1563	nusA		COG0195	Transcription termination/antitermination protein NusA
IOEBKPOH_01396	CDS	3084	ttgE			Toluene efflux pump membrane transporter TtgE
IOEBKPOH_01397	CDS	303				hypothetical protein
IOEBKPOH_01398	CDS	231				hypothetical protein
IOEBKPOH_01399	CDS	738				hypothetical protein
